Ticker,Name,Window,Passed,Signal_Level,Signal_Rank,Pass_Reason,Reject_Reason,Failed_Conditions,Conditions_Passed,Weekly_MA2_Warning,SMA25_Above_SMA75,SMA75_Up,Drop_OK,Return_OK,Green_Band_OK,Pull_Before_Latest,Rebound_Confirmed,Yellow_Band_OK,Weekly_MA2_OK,Peak_Date,Peak_High,Pullback_Date,Pullback_Low,Latest_Date,Latest_Close,Prev_Close,Return_%,Drop_From_Peak_%,Delta_from_Pull_%,SMA25,SMA75,SMA75_10d_Ago,"Within_(pull, +2%]","Within_(pull, +5%]",Data_Rows
4151.T,,60,False,,0,,SMA25<=SMA75,SMA25<=SMA75 | SMA75下向き | Drop>15% | 反発未確認かつ押し目安値+2%外 | 前日終値超えなし,3,True,False,False,False,True,True,True,False,False,False,2026-07-29,2715.5,2026-09-11,2156.5,2026-10-08,2209.0,2209.0,22.93,18.65,2.43,2287.0,2495.73,2515.95,False,True,
4151.T,,30,False,,0,,SMA25<=SMA75,SMA25<=SMA75 | SMA75下向き | Drop>15% | 反発未確認かつ押し目安値+2%外 | 前日終値超えなし,3,True,False,False,False,True,True,True,False,False,False,2026-09-01,2689.0,2026-09-11,2156.5,2026-10-08,2209.0,2209.0,21.73,17.85,2.43,2287.0,2495.73,2515.95,False,True,
4502.T,武田薬品,60,True,GREEN,2,🟢反発確認,,,7,True,True,True,True,True,True,True,True,False,False,2026-09-24,6030.0,2026-10-05,5606.0,2026-10-08,5816.0,5766.0,3.68,3.55,3.75,5790.68,5579.83,5479.65,False,True,
4502.T,武田薬品,30,True,GREEN,2,🟢反発確認,,,7,True,True,True,True,True,True,True,True,False,False,2026-09-24,6030.0,2026-10-05,5606.0,2026-10-08,5816.0,5766.0,3.68,3.55,3.75,5790.68,5579.83,5479.65,False,True,
4503.T,アステラス,60,False,,0,,反発未確認かつ押し目安値+2%外,反発未確認かつ押し目安値+2%外 | 前日終値超えなし,6,True,True,True,True,True,True,True,False,False,False,2026-08-26,2455.0,2026-09-11,2182.5,2026-10-08,2248.0,2255.5,9.21,8.43,3.0,2311.92,2260.51,2241.06,False,True,
4503.T,アステラス,30,False,,0,,反発未確認かつ押し目安値+2%外,反発未確認かつ押し目安値+2%外 | 前日終値超えなし,6,True,True,True,True,True,True,True,False,False,False,2026-08-26,2455.0,2026-09-11,2182.5,2026-10-08,2248.0,2255.5,9.21,8.43,3.0,2311.92,2260.51,2241.06,False,True,
4506.T,大日本住友,60,False,,0,,押し目安値+5%外,押し目安値+5%外,5,True,True,True,True,True,False,True,False,False,False,2026-09-03,1699.0,2026-09-16,1490.0,2026-10-08,1583.0,1610.0,7.33,6.83,6.24,1594.58,1455.66,1435.46,False,False,
4506.T,大日本住友,30,False,,0,,押し目安値+5%外,押し目安値+5%外,5,True,True,True,True,True,False,True,False,False,False,2026-09-03,1699.0,2026-09-16,1490.0,2026-10-08,1583.0,1610.0,7.33,6.83,6.24,1594.58,1455.66,1435.46,False,False,
4507.T,塩野義,60,True,GREEN,2,🟢反発確認,,,7,True,True,True,True,True,True,True,True,False,False,2026-07-30,3082.0,2026-10-05,2649.0,2026-10-08,2769.0,2762.5,11.3,10.16,4.53,2873.64,2861.77,2860.75,False,True,
4507.T,塩野義,30,True,GREEN,2,🟢反発確認,,,7,True,True,True,True,True,True,True,True,False,False,2026-09-03,3026.0,2026-10-05,2649.0,2026-10-08,2769.0,2762.5,9.28,8.49,4.53,2873.64,2861.77,2860.75,False,True,
4519.T,中外製薬,60,False,,0,,SMA25<=SMA75,SMA25<=SMA75 | SMA75下向き | Drop>15%,4,True,False,False,False,True,True,True,True,False,False,2026-07-24,7509.0,2026-10-02,5974.0,2026-10-08,6107.0,6101.0,22.96,18.67,2.23,6448.56,6933.03,7107.39,False,True,
4519.T,中外製薬,30,False,,0,,SMA25<=SMA75,SMA25<=SMA75 | SMA75下向き,5,True,False,False,True,True,True,True,True,False,False,2026-08-26,7090.0,2026-10-02,5974.0,2026-10-08,6107.0,6101.0,16.1,13.86,2.23,6448.56,6933.03,7107.39,False,True,
4523.T,エーザイ,60,False,,0,,反発未確認かつ押し目安値+2%外,反発未確認かつ押し目安値+2%外 | 前日終値超えなし,6,True,True,True,True,True,True,True,False,False,False,2026-07-30,5132.0,2026-08-05,4476.0,2026-10-08,4631.0,4640.0,10.82,9.76,3.46,4759.4,4605.05,4475.12,False,True,
4523.T,エーザイ,30,True,YELLOW,1,🟡押し目接近,,,5,True,True,True,True,True,True,False,False,True,False,2026-09-25,5003.0,2026-10-08,4571.0,2026-10-08,4631.0,4640.0,8.03,7.44,1.31,4759.4,4605.05,4475.12,True,True,
4568.T,第一三共,60,True,YELLOW,1,🟡押し目接近,,,5,True,True,True,True,True,True,False,False,True,False,2026-09-25,2962.5,2026-10-08,2623.0,2026-10-08,2653.5,2702.5,11.64,10.43,1.16,2798.58,2745.71,2716.52,True,True,
4568.T,第一三共,30,True,YELLOW,1,🟡押し目接近,,,5,True,True,True,True,True,True,False,False,True,False,2026-09-25,2962.5,2026-10-08,2623.0,2026-10-08,2653.5,2702.5,11.64,10.43,1.16,2798.58,2745.71,2716.52,True,True,
4578.T,大塚HD,60,False,,0,,押し目安値+5%外,押し目安値+5%外,6,False,True,True,True,True,False,True,True,False,True,2026-08-10,12795.0,2026-09-16,10745.0,2026-10-08,11680.0,11475.0,9.55,8.71,8.7,11515.6,11512.0,11379.13,False,False,
4578.T,大塚HD,30,False,,0,,押し目安値+5%外,押し目安値+5%外,6,False,True,True,True,True,False,True,True,False,True,2026-09-01,12500.0,2026-09-16,10745.0,2026-10-08,11680.0,11475.0,7.02,6.56,8.7,11515.6,11512.0,11379.13,False,False,
6479.T,ミネベアミツミ,60,False,,0,,SMA25<=SMA75,SMA25<=SMA75 | SMA75下向き | Drop>15% | 押し目安値+5%外,2,False,False,False,False,True,False,True,False,False,True,2026-07-10,4448.0,2026-09-03,3216.0,2026-10-08,3680.0,3847.0,20.87,17.27,14.43,3537.12,3872.08,3979.69,False,False,
6479.T,ミネベアミツミ,30,False,,0,,SMA25<=SMA75,SMA25<=SMA75 | SMA75下向き | 押し目日が最新日 | 前日終値超えなし,3,False,False,False,True,True,True,False,False,True,True,2026-10-05,4039.0,2026-10-08,3673.0,2026-10-08,3680.0,3847.0,9.76,8.89,0.19,3537.12,3872.08,3979.69,True,True,
6501.T,日立,60,True,YELLOW,1,🟡押し目接近,,,5,False,True,True,True,True,True,False,False,True,True,2026-10-07,5835.0,2026-10-08,5561.0,2026-10-08,5597.0,5649.0,4.25,4.08,0.65,5428.24,5176.15,5078.89,True,True,
6501.T,日立,30,True,YELLOW,1,🟡押し目接近,,,5,False,True,True,True,True,True,False,False,True,True,2026-10-07,5835.0,2026-10-08,5561.0,2026-10-08,5597.0,5649.0,4.25,4.08,0.65,5428.24,5176.15,5078.89,True,True,
6503.T,三菱電機,60,False,,0,,SMA25<=SMA75,SMA25<=SMA75 | SMA75下向き | Drop>15% | 反発未確認かつ押し目安値+2%外 | 前日終値超えなし,3,True,False,False,False,True,True,True,False,False,False,2026-08-14,6265.0,2026-09-11,4936.0,2026-10-08,5051.0,5285.0,24.03,19.38,2.33,5217.44,5584.81,5655.73,False,True,
6503.T,三菱電機,30,False,,0,,SMA25<=SMA75,SMA25<=SMA75 | SMA75下向き | 反発未確認かつ押し目安値+2%外 | 前日終値超えなし,4,True,False,False,True,True,True,True,False,False,False,2026-08-28,5679.0,2026-09-11,4936.0,2026-10-08,5051.0,5285.0,12.43,11.06,2.33,5217.44,5584.81,5655.73,False,True,
6504.T,富士電機,60,False,,0,,SMA25<=SMA75,SMA25<=SMA75 | 押し目日が最新日 | 前日終値超えなし,4,False,False,True,True,True,True,False,False,True,True,2026-10-07,15650.0,2026-10-08,14570.0,2026-10-08,14660.0,15180.0,6.75,6.33,0.62,13569.6,13665.13,13617.8,True,True,
6504.T,富士電機,30,False,,0,,SMA25<=SMA75,SMA25<=SMA75 | 押し目日が最新日 | 前日終値超えなし,4,False,False,True,True,True,True,False,False,True,True,2026-10-07,15650.0,2026-10-08,14570.0,2026-10-08,14660.0,15180.0,6.75,6.33,0.62,13569.6,13665.13,13617.8,True,True,
6506.T,安川電機,60,False,,0,,SMA25<=SMA75,SMA25<=SMA75 | SMA75下向き | Drop>15% | 押し目安値+5%外,2,False,False,False,False,True,False,True,False,False,True,2026-07-10,7225.0,2026-09-14,4179.0,2026-10-08,4789.0,4946.0,50.87,33.72,14.6,4560.92,5366.0,5613.19,False,False,
6506.T,安川電機,30,False,,0,,SMA25<=SMA75,SMA25<=SMA75 | SMA75下向き | 押し目安値+5%外,3,False,False,False,True,True,False,True,False,False,True,2026-08-27,5086.0,2026-09-14,4179.0,2026-10-08,4789.0,4946.0,6.2,5.84,14.6,4560.92,5366.0,5613.19,False,False,
6526.T,ソシオネクスト,60,False,,0,,SMA25<=SMA75,SMA25<=SMA75 | SMA75下向き | Drop>15% | 押し目安値+5%外,2,True,False,False,False,True,False,True,False,False,False,2026-07-10,2937.5,2026-09-14,1780.5,2026-10-08,2140.0,2240.0,37.27,27.15,20.19,2044.62,2223.25,2256.59,False,False,
6526.T,ソシオネクスト,30,False,,0,,SMA25<=SMA75,SMA25<=SMA75 | SMA75下向き | 押し目安値+5%外,2,True,False,False,True,True,False,False,False,False,False,2026-10-07,2334.0,2026-10-08,2140.0,2026-10-08,2140.0,2240.0,9.07,8.31,0.0,2044.62,2223.25,2256.59,False,False,
6594.T,日電産,60,False,,0,,SMA25<=SMA75,SMA25<=SMA75 | SMA75下向き | Drop>15% | 押し目安値+5%外,2,True,False,False,False,True,False,True,False,False,False,2026-09-24,2941.0,2026-10-01,1888.0,2026-10-08,2140.0,2165.0,37.43,27.24,13.35,2507.28,2601.35,2657.51,False,False,
6594.T,日電産,30,False,,0,,SMA25<=SMA75,SMA25<=SMA75 | SMA75下向き | Drop>15% | 押し目安値+5%外,2,True,False,False,False,True,False,True,False,False,False,2026-09-24,2941.0,2026-10-01,1888.0,2026-10-08,2140.0,2165.0,37.43,27.24,13.35,2507.28,2601.35,2657.51,False,False,
6645.T,オムロン,60,False,,0,,押し目安値+5%外,押し目安値+5%外,5,False,True,True,True,True,False,True,False,False,True,2026-08-18,7245.0,2026-09-11,5792.0,2026-10-08,6339.0,6486.0,14.29,12.51,9.44,6251.72,6090.32,5998.81,False,False,
6645.T,オムロン,30,False,,0,,押し目安値+5%外,押し目安値+5%外,5,False,True,True,True,True,False,True,False,False,True,2026-08-28,6738.0,2026-09-11,5792.0,2026-10-08,6339.0,6486.0,6.29,5.92,9.44,6251.72,6090.32,5998.81,False,False,
6674.T,ジーエスユアサ,60,False,,0,,SMA25<=SMA75,SMA25<=SMA75 | SMA75下向き | 押し目安値+5%外,3,False,False,False,True,True,False,True,False,False,True,2026-07-10,6362.0,2026-09-04,4881.0,2026-10-08,5511.0,5708.0,15.44,13.38,12.91,5317.16,5730.11,5874.63,False,False,
6674.T,ジーエスユアサ,30,False,,0,,SMA25<=SMA75,SMA25<=SMA75 | SMA75下向き | 押し目日が最新日 | 前日終値超えなし,3,False,False,False,True,True,True,False,False,True,True,2026-10-07,5779.0,2026-10-08,5488.0,2026-10-08,5511.0,5708.0,4.86,4.64,0.42,5317.16,5730.11,5874.63,True,True,
6701.T,NEC,60,False,,0,,ピーク後データなし,,0,False,False,False,False,False,False,False,False,False,True,2026-10-08,5176.0,,,,,,,,,,,,,,
6701.T,NEC,30,False,,0,,ピーク後データなし,,0,False,False,False,False,False,False,False,False,False,True,2026-10-08,5176.0,,,,,,,,,,,,,,
6702.T,富士通,60,False,,0,,Return<3%,Return<3% | 押し目日が最新日 | 前日終値超えなし,4,False,True,True,True,False,True,False,False,True,True,2026-10-07,4160.0,2026-10-08,4084.0,2026-10-08,4125.0,4127.0,0.85,0.84,1.0,3942.52,3637.56,3547.83,True,True,
6702.T,富士通,30,False,,0,,Return<3%,Return<3% | 押し目日が最新日 | 前日終値超えなし,4,False,True,True,True,False,True,False,False,True,True,2026-10-07,4160.0,2026-10-08,4084.0,2026-10-08,4125.0,4127.0,0.85,0.84,1.0,3942.52,3637.56,3547.83,True,True,
6723.T,ルネサス,60,False,,0,,SMA25<=SMA75,SMA25<=SMA75 | SMA75下向き | Drop>15% | 押し目安値+5%外,2,False,False,False,False,True,False,True,False,False,True,2026-07-10,4999.0,2026-07-29,3064.0,2026-10-08,3750.0,3924.0,33.31,24.98,22.39,3429.28,3867.27,3966.36,False,False,
6723.T,ルネサス,30,False,,0,,SMA25<=SMA75,SMA25<=SMA75 | SMA75下向き | 押し目安値+5%外,2,False,False,False,True,True,False,False,False,False,True,2026-10-07,4047.0,2026-10-08,3750.0,2026-10-08,3750.0,3924.0,7.92,7.34,0.0,3429.28,3867.27,3966.36,False,False,
6724.T,セイコーエプソン,60,False,,0,,ピーク後データなし,,0,False,False,False,False,False,False,False,False,False,True,2026-10-08,3416.0,,,,,,,,,,,,,,
6724.T,セイコーエプソン,30,False,,0,,ピーク後データなし,,0,False,False,False,False,False,False,False,False,False,True,2026-10-08,3416.0,,,,,,,,,,,,,,
6752.T,パナソニック,60,False,,0,,押し目安値+5%外,押し目安値+5%外,5,True,True,True,True,True,False,True,False,False,False,2026-08-14,4982.0,2026-09-14,4083.0,2026-10-08,4493.0,4668.0,10.88,9.82,10.04,4394.88,4350.33,4263.33,False,False,
6752.T,パナソニック,30,True,YELLOW,1,🟡押し目接近,,,5,True,True,True,True,True,True,False,False,True,False,2026-10-07,4816.0,2026-10-08,4443.0,2026-10-08,4493.0,4668.0,7.19,6.71,1.13,4394.88,4350.33,4263.33,True,True,
6753.T,シャープ,60,True,YELLOW,1,🟡押し目接近,,,5,True,True,True,True,True,True,False,False,True,False,2026-09-15,700.7,2026-10-08,618.7,2026-10-08,622.4,630.1,12.58,11.17,0.6,651.04,637.71,635.01,True,True,
6753.T,シャープ,30,True,YELLOW,1,🟡押し目接近,,,5,True,True,True,True,True,True,False,False,True,False,2026-09-15,700.7,2026-10-08,618.7,2026-10-08,622.4,630.1,12.58,11.17,0.6,651.04,637.71,635.01,True,True,
6758.T,ソニーG,60,False,,0,,反発未確認かつ押し目安値+2%外,反発未確認かつ押し目安値+2%外 | 前日終値超えなし,6,True,True,True,True,True,True,True,False,False,False,2026-09-01,4070.0,2026-09-11,3582.0,2026-10-08,3706.0,3743.0,9.82,8.94,3.46,3751.36,3617.73,3568.75,False,True,
6758.T,ソニーG,30,False,,0,,反発未確認かつ押し目安値+2%外,反発未確認かつ押し目安値+2%外 | 前日終値超えなし,6,True,True,True,True,True,True,True,False,False,False,2026-09-01,4070.0,2026-09-11,3582.0,2026-10-08,3706.0,3743.0,9.82,8.94,3.46,3751.36,3617.73,3568.75,False,True,
6762.T,TDK,60,False,,0,,SMA25<=SMA75,SMA25<=SMA75 | SMA75下向き | 押し目安値+5%外,2,False,False,False,True,True,False,False,False,False,True,2026-10-06,3698.0,2026-10-08,3353.0,2026-10-08,3353.0,3530.0,10.29,9.33,0.0,3009.86,3171.95,3246.22,False,False,
6762.T,TDK,30,False,,0,,SMA25<=SMA75,SMA25<=SMA75 | SMA75下向き | 押し目安値+5%外,2,False,False,False,True,True,False,False,False,False,True,2026-10-06,3698.0,2026-10-08,3353.0,2026-10-08,3353.0,3530.0,10.29,9.33,0.0,3009.86,3171.95,3246.22,False,False,
6770.T,アルプスアルパ,60,False,,0,,押し目安値+5%外,押し目安値+5%外,5,False,True,True,True,True,False,True,False,False,True,2026-09-01,2347.5,2026-09-08,2069.5,2026-10-08,2208.0,2228.0,6.32,5.94,6.69,2222.5,2167.51,2150.56,False,False,
6770.T,アルプスアルパ,30,False,,0,,押し目安値+5%外,押し目安値+5%外,5,False,True,True,True,True,False,True,False,False,True,2026-09-01,2347.5,2026-09-08,2069.5,2026-10-08,2208.0,2228.0,6.32,5.94,6.69,2222.5,2167.51,2150.56,False,False,
6841.T,横河電機,60,False,,0,,SMA25<=SMA75,SMA25<=SMA75 | SMA75下向き | Drop>15% | 前日終値超えなし,3,True,False,False,False,True,True,True,False,True,False,2026-07-27,6022.0,2026-09-11,4477.0,2026-10-08,4565.0,4667.0,31.92,24.19,1.97,4690.32,5237.96,5288.17,True,True,
6841.T,横河電機,30,False,,0,,SMA25<=SMA75,SMA25<=SMA75 | SMA75下向き | 前日終値超えなし,4,True,False,False,True,True,True,True,False,True,False,2026-08-27,5217.0,2026-09-11,4477.0,2026-10-08,4565.0,4667.0,14.28,12.5,1.97,4690.32,5237.96,5288.17,True,True,
6857.T,アドテスト,60,False,,0,,Return<3%,Return<3% | 押し目日が最新日 | 前日終値超えなし,4,False,True,True,True,False,True,False,False,True,True,2026-10-07,41990.0,2026-10-08,40460.0,2026-10-08,40930.0,41290.0,2.59,2.52,1.16,34474.0,32705.93,31368.27,True,True,
6857.T,アドテスト,30,False,,0,,Return<3%,Return<3% | 押し目日が最新日 | 前日終値超えなし,4,False,True,True,True,False,True,False,False,True,True,2026-10-07,41990.0,2026-10-08,40460.0,2026-10-08,40930.0,41290.0,2.59,2.52,1.16,34474.0,32705.93,31368.27,True,True,
6861.T,キーエンス,60,False,,0,,SMA25<=SMA75,SMA25<=SMA75 | 押し目安値+5%外,4,False,False,True,True,True,False,True,False,False,True,2026-08-06,87920.0,2026-09-11,73510.0,2026-10-08,80000.0,81560.0,9.9,9.01,8.83,78486.4,79065.07,78326.53,False,False,
6861.T,キーエンス,30,False,,0,,SMA25<=SMA75,SMA25<=SMA75 | 押し目安値+5%外,4,False,False,True,True,True,False,True,False,False,True,2026-08-31,84170.0,2026-09-11,73510.0,2026-10-08,80000.0,81560.0,5.21,4.95,8.83,78486.4,79065.07,78326.53,False,False,
6902.T,デンソー,60,False,,0,,SMA25<=SMA75,SMA25<=SMA75 | SMA75下向き | Drop>15% | 前日終値超えなし,3,True,False,False,False,True,True,True,False,True,False,2026-07-30,2218.0,2026-10-02,1802.0,2026-10-08,1826.0,1840.5,21.47,17.67,1.33,1892.34,1928.21,1933.39,True,True,
6902.T,デンソー,30,False,,0,,SMA25<=SMA75,SMA25<=SMA75 | SMA75下向き | 前日終値超えなし,4,True,False,False,True,True,True,True,False,True,False,2026-09-01,1984.0,2026-10-02,1802.0,2026-10-08,1826.0,1840.5,8.65,7.96,1.33,1892.34,1928.21,1933.39,True,True,
6920.T,レーザーテック,60,False,,0,,SMA25<=SMA75,SMA25<=SMA75 | SMA75下向き | 押し目安値+5%外,3,False,False,False,True,True,False,True,False,False,True,2026-07-15,50940.0,2026-09-03,31840.0,2026-10-08,46610.0,46700.0,9.29,8.5,46.39,38822.0,41364.13,41493.47,False,False,
6920.T,レーザーテック,30,False,,0,,SMA25<=SMA75,SMA25<=SMA75 | SMA75下向き | 反発未確認かつ押し目安値+2%外 | 押し目日が最新日 | 前日終値超えなし,3,False,False,False,True,True,True,False,False,False,True,2026-10-02,48950.0,2026-10-08,45200.0,2026-10-08,46610.0,46700.0,5.02,4.78,3.12,38822.0,41364.13,41493.47,False,True,
6952.T,カシオ,60,False,,0,,押し目安値+5%外,押し目安値+5%外,5,False,True,True,True,True,False,True,False,False,True,2026-09-01,2536.0,2026-09-14,1951.0,2026-10-08,2217.0,2273.0,14.39,12.58,13.63,2199.26,2096.16,2043.29,False,False,
6952.T,カシオ,30,False,,0,,押し目安値+5%外,押し目安値+5%外,5,False,True,True,True,True,False,True,False,False,True,2026-09-01,2536.0,2026-09-14,1951.0,2026-10-08,2217.0,2273.0,14.39,12.58,13.63,2199.26,2096.16,2043.29,False,False,
6954.T,ファナック,60,False,,0,,SMA25<=SMA75,SMA25<=SMA75 | SMA75下向き | Drop>15% | 押し目安値+5%外,2,False,False,False,False,True,False,True,False,False,True,2026-07-31,7240.0,2026-09-11,5592.0,2026-10-08,6019.0,6164.0,20.29,16.86,7.64,5926.44,6463.23,6618.83,False,False,
6954.T,ファナック,30,False,,0,,SMA25<=SMA75,SMA25<=SMA75 | SMA75下向き | 押し目日が最新日 | 前日終値超えなし,3,False,False,False,True,True,True,False,False,True,True,2026-10-07,6310.0,2026-10-08,6007.0,2026-10-08,6019.0,6164.0,4.83,4.61,0.2,5926.44,6463.23,6618.83,True,True,
6971.T,京セラ,60,False,,0,,SMA25<=SMA75,SMA25<=SMA75 | 押し目安値+5%外,4,True,False,True,True,True,False,True,False,False,False,2026-08-14,3981.0,2026-09-09,3351.0,2026-10-08,3752.0,3827.0,6.1,5.75,11.97,3621.36,3666.91,3657.6,False,False,
6971.T,京セラ,30,False,,0,,SMA25<=SMA75,SMA25<=SMA75 | 押し目日が最新日 | 前日終値超えなし,4,True,False,True,True,True,True,False,False,True,False,2026-10-05,3886.0,2026-10-08,3745.0,2026-10-08,3752.0,3827.0,3.57,3.45,0.19,3621.36,3666.91,3657.6,True,True,
6976.T,太陽誘電,60,False,,0,,SMA25<=SMA75,SMA25<=SMA75 | SMA75下向き | Drop>15% | 押し目安値+5%外,2,False,False,False,False,True,False,True,False,False,True,2026-07-10,15365.0,2026-09-14,8320.0,2026-10-08,10955.0,11460.0,40.26,28.7,31.67,9535.68,11749.57,12763.72,False,False,
6976.T,太陽誘電,30,False,,0,,ピーク後データなし,,0,False,False,False,False,False,False,False,False,False,True,2026-10-08,12110.0,,,,,,,,,,,,,,
6981.T,村田製作所,60,False,,0,,SMA25<=SMA75,SMA25<=SMA75 | SMA75下向き | Drop>15% | 押し目安値+5%外,2,False,False,False,False,True,False,True,False,False,True,2026-07-10,10085.0,2026-07-29,5861.0,2026-10-08,8267.0,8683.0,21.99,18.03,41.05,7745.44,8356.45,8543.13,False,False,
6981.T,村田製作所,30,False,,0,,SMA25<=SMA75,SMA25<=SMA75 | SMA75下向き | 押し目日が最新日 | 前日終値超えなし,3,False,False,False,True,True,True,False,False,True,True,2026-10-06,8980.0,2026-10-08,8244.0,2026-10-08,8267.0,8683.0,8.62,7.94,0.28,7745.44,8356.45,8543.13,True,True,
7735.T,スクリン,60,False,,0,,SMA25<=SMA75,SMA25<=SMA75 | Drop>15% | 押し目安値+5%外,3,False,False,True,False,True,False,True,False,False,True,2026-07-15,19020.0,2026-07-29,11370.0,2026-10-08,15910.0,15915.0,19.55,16.35,39.93,13788.6,14872.8,14695.07,False,False,
7735.T,スクリン,30,False,,0,,ピーク後データなし,,0,False,False,False,False,False,False,False,False,False,True,2026-10-08,16370.0,,,,,,,,,,,,,,
7751.T,キヤノン,60,False,,0,,Return<3%,Return<3% | 押し目安値+5%外,5,False,True,True,True,False,False,True,True,False,True,2026-07-27,4750.0,2026-09-10,4289.0,2026-10-08,4635.0,4619.0,2.48,2.42,8.07,4549.08,4481.12,4442.43,False,False,
7751.T,キヤノン,30,False,,0,,Return<3%,Return<3% | 押し目安値+5%外,5,False,True,True,True,False,False,True,True,False,True,2026-09-01,4750.0,2026-09-10,4289.0,2026-10-08,4635.0,4619.0,2.48,2.42,8.07,4549.08,4481.12,4442.43,False,False,
7752.T,リコー,60,False,,0,,Return<3%,Return<3% | 押し目安値+5%外,5,False,True,True,True,False,False,True,True,False,True,2026-09-01,1747.5,2026-09-10,1530.0,2026-10-08,1709.5,1670.5,2.22,2.17,11.73,1653.06,1586.15,1559.65,False,False,
7752.T,リコー,30,False,,0,,Return<3%,Return<3% | 押し目安値+5%外,5,False,True,True,True,False,False,True,True,False,True,2026-09-01,1747.5,2026-09-10,1530.0,2026-10-08,1709.5,1670.5,2.22,2.17,11.73,1653.06,1586.15,1559.65,False,False,
8035.T,東エレク,60,False,,0,,SMA25<=SMA75,SMA25<=SMA75 | SMA75下向き | Drop>15% | 押し目安値+5%外,2,False,False,False,False,True,False,True,False,False,True,2026-07-15,14962.0,2026-07-29,9716.0,2026-10-08,12190.0,12500.0,22.74,18.53,25.46,11183.44,12240.59,12389.44,False,False,
8035.T,東エレク,30,False,,0,,SMA25<=SMA75,SMA25<=SMA75 | SMA75下向き | 押し目日が最新日 | 前日終値超えなし,3,False,False,False,True,True,True,False,False,True,True,2026-10-06,12915.0,2026-10-08,12180.0,2026-10-08,12190.0,12500.0,5.95,5.61,0.08,11183.44,12240.59,12389.44,True,True,
7201.T,日産自,60,False,,0,,SMA25<=SMA75,SMA25<=SMA75 | SMA75下向き | Drop>15% | 前日終値超えなし,3,True,False,False,False,True,True,True,False,True,False,2026-07-29,358.2,2026-10-05,279.4,2026-10-08,283.0,285.1,26.57,20.99,1.29,304.45,317.07,323.91,True,True,
7201.T,日産自,30,False,,0,,SMA25<=SMA75,SMA25<=SMA75 | SMA75下向き | Drop>15% | 前日終値超えなし,3,True,False,False,False,True,True,True,False,True,False,2026-09-01,340.4,2026-10-05,279.4,2026-10-08,283.0,285.1,20.28,16.86,1.29,304.45,317.07,323.91,True,True,
7202.T,いすゞ,60,False,,0,,SMA25<=SMA75,SMA25<=SMA75 | SMA75下向き | Drop>15%,4,True,False,False,False,True,True,True,True,False,False,2026-07-30,2487.0,2026-10-02,2019.0,2026-10-08,2113.0,2105.5,17.7,15.04,4.66,2163.72,2243.53,2255.04,False,True,
7202.T,いすゞ,30,False,,0,,SMA25<=SMA75,SMA25<=SMA75 | SMA75下向き,5,True,False,False,True,True,True,True,True,False,False,2026-09-01,2331.5,2026-10-02,2019.0,2026-10-08,2113.0,2105.5,10.34,9.37,4.66,2163.72,2243.53,2255.04,False,True,
7203.T,トヨタ,60,True,GREEN,2,🟢反発確認,,,7,True,True,True,True,True,True,True,True,True,False,2026-09-01,3269.0,2026-10-02,2853.0,2026-10-08,2902.0,2900.5,12.65,11.23,1.72,2996.4,2953.75,2940.52,True,True,
7203.T,トヨタ,30,True,GREEN,2,🟢反発確認,,,7,True,True,True,True,True,True,True,True,True,False,2026-09-01,3269.0,2026-10-02,2853.0,2026-10-08,2902.0,2900.5,12.65,11.23,1.72,2996.4,2953.75,2940.52,True,True,
7205.T,日野自,60,False,,0,,データ不足,,0,False,False,False,False,False,False,False,False,False,True,,,,,,,,,,,,,,,,0.0
7205.T,日野自,30,False,,0,,データ不足,,0,False,False,False,False,False,False,False,False,False,True,,,,,,,,,,,,,,,,0.0
7211.T,三菱自,60,False,,0,,Drop>15%,Drop>15%,6,True,True,True,False,True,True,True,True,False,False,2026-09-01,406.3,2026-10-02,335.2,2026-10-08,343.5,342.0,18.28,15.46,2.48,361.15,354.56,351.88,False,True,
7211.T,三菱自,30,False,,0,,Drop>15%,Drop>15%,6,True,True,True,False,True,True,True,True,False,False,2026-09-01,406.3,2026-10-02,335.2,2026-10-08,343.5,342.0,18.28,15.46,2.48,361.15,354.56,351.88,False,True,
7261.T,マツダ,60,False,,0,,SMA25<=SMA75,SMA25<=SMA75 | SMA75下向き | Drop>15% | 押し目日が最新日,3,True,False,False,False,True,True,False,True,True,False,2026-09-01,1275.0,2026-10-08,1067.5,2026-10-08,1082.5,1077.0,17.78,15.1,1.41,1139.16,1145.41,1149.64,True,True,
7261.T,マツダ,30,False,,0,,SMA25<=SMA75,SMA25<=SMA75 | SMA75下向き | Drop>15% | 押し目日が最新日,3,True,False,False,False,True,True,False,True,True,False,2026-09-01,1275.0,2026-10-08,1067.5,2026-10-08,1082.5,1077.0,17.78,15.1,1.41,1139.16,1145.41,1149.64,True,True,
7267.T,ホンダ,60,True,GREEN,2,🟢反発確認,,,7,True,True,True,True,True,True,True,True,False,False,2026-09-24,1766.5,2026-10-02,1645.5,2026-10-08,1712.5,1683.5,3.15,3.06,4.07,1686.3,1618.03,1583.43,False,True,
7267.T,ホンダ,30,True,GREEN,2,🟢反発確認,,,7,True,True,True,True,True,True,True,True,False,False,2026-09-24,1766.5,2026-10-02,1645.5,2026-10-08,1712.5,1683.5,3.15,3.06,4.07,1686.3,1618.03,1583.43,False,True,
7269.T,スズキ,60,False,,0,,SMA25<=SMA75,SMA25<=SMA75 | 押し目安値+5%外,5,False,False,True,True,True,False,True,True,False,True,2026-09-01,2288.0,2026-09-29,1924.0,2026-10-08,2049.5,2039.5,11.64,10.42,6.52,2027.54,2035.04,2020.21,False,False,
7269.T,スズキ,30,False,,0,,SMA25<=SMA75,SMA25<=SMA75 | 押し目安値+5%外,5,False,False,True,True,True,False,True,True,False,True,2026-09-01,2288.0,2026-09-29,1924.0,2026-10-08,2049.5,2039.5,11.64,10.42,6.52,2027.54,2035.04,2020.21,False,False,
7270.T,SUBARU,60,True,GREEN,2,🟢反発確認,,,7,True,True,True,True,True,True,True,True,False,False,2026-07-30,2881.5,2026-08-05,2444.0,2026-10-08,2544.5,2539.5,13.24,11.7,4.11,2599.46,2569.73,2566.08,False,True,
7270.T,SUBARU,30,True,GREEN,2,🟢反発確認,,,7,True,True,True,True,True,True,True,True,False,False,2026-09-01,2749.0,2026-10-02,2476.0,2026-10-08,2544.5,2539.5,8.04,7.44,2.77,2599.46,2569.73,2566.08,False,True,
7272.T,ヤマハ発,60,False,,0,,押し目安値+5%外,押し目安値+5%外,5,False,True,True,True,True,False,True,False,False,True,2026-08-17,1987.0,2026-09-11,1699.0,2026-10-08,1829.5,1832.5,8.61,7.93,7.68,1810.38,1608.95,1531.23,False,False,
7272.T,ヤマハ発,30,False,,0,,押し目安値+5%外,押し目安値+5%外,5,False,True,True,True,True,False,True,False,False,True,2026-09-02,1985.5,2026-09-11,1699.0,2026-10-08,1829.5,1832.5,8.53,7.86,7.68,1810.38,1608.95,1531.23,False,False,
4543.T,テルモ,60,False,,0,,SMA25<=SMA75,SMA25<=SMA75 | 押し目安値+5%外,4,False,False,True,True,True,False,True,False,False,True,2026-08-17,2689.0,2026-09-11,2194.5,2026-10-08,2308.5,2324.5,16.48,14.15,5.19,2316.82,2338.47,2332.83,False,False,
4543.T,テルモ,30,False,,0,,SMA25<=SMA75,SMA25<=SMA75 | 押し目安値+5%外,4,False,False,True,True,True,False,True,False,False,True,2026-08-25,2627.5,2026-09-11,2194.5,2026-10-08,2308.5,2324.5,13.82,12.14,5.19,2316.82,2338.47,2332.83,False,False,
4902.T,コニカミノルタ,60,False,,0,,押し目安値+5%外,押し目安値+5%外,6,True,True,True,True,True,False,True,True,False,False,2026-07-30,708.0,2026-08-03,554.7,2026-10-08,643.2,638.9,10.07,9.15,15.95,641.83,626.6,618.94,False,False,
4902.T,コニカミノルタ,30,False,,0,,押し目安値+5%外,押し目安値+5%外,6,True,True,True,True,True,False,True,True,False,False,2026-09-01,696.0,2026-09-09,571.9,2026-10-08,643.2,638.9,8.21,7.59,12.47,641.83,626.6,618.94,False,False,
6146.T,,60,False,,0,,SMA25<=SMA75,SMA25<=SMA75 | SMA75下向き | Drop>15% | 押し目安値+5%外,2,False,False,False,False,True,False,True,False,False,True,2026-07-13,74930.0,2026-07-30,49400.0,2026-10-08,61140.0,61380.0,22.55,18.4,23.77,55833.6,63810.4,66101.47,False,False,
6146.T,,30,False,,0,,SMA25<=SMA75,SMA25<=SMA75 | SMA75下向き | 前日終値超えなし,4,False,False,False,True,True,True,True,False,True,True,2026-10-06,65500.0,2026-10-07,60320.0,2026-10-08,61140.0,61380.0,7.13,6.66,1.36,55833.6,63810.4,66101.47,True,True,
7731.T,ニコン,60,False,,0,,SMA25<=SMA75,SMA25<=SMA75 | SMA75下向き | Drop>15% | 押し目安値+5%外,2,False,False,False,False,True,False,True,False,False,True,2026-07-16,2338.5,2026-09-11,1660.5,2026-10-08,1892.5,1910.5,23.57,19.07,13.97,1841.74,2010.57,2020.15,False,False,
7731.T,ニコン,30,False,,0,,SMA25<=SMA75,SMA25<=SMA75 | SMA75下向き | 押し目安値+5%外,3,False,False,False,True,True,False,True,False,False,True,2026-08-25,1982.5,2026-09-11,1660.5,2026-10-08,1892.5,1910.5,4.76,4.54,13.97,1841.74,2010.57,2020.15,False,False,
7733.T,オリンパス,60,False,,0,,押し目安値+5%外,押し目安値+5%外,5,True,True,True,True,True,False,True,False,False,False,2026-08-20,2210.5,2026-09-09,1892.0,2026-10-08,1990.0,2000.0,11.08,9.98,5.18,2004.98,1912.49,1876.59,False,False,
7733.T,オリンパス,30,False,,0,,押し目安値+5%外,押し目安値+5%外,5,True,True,True,True,True,False,True,False,False,False,2026-08-27,2206.5,2026-09-09,1892.0,2026-10-08,1990.0,2000.0,10.88,9.81,5.18,2004.98,1912.49,1876.59,False,False,
7741.T,HOYA,60,False,,0,,SMA25<=SMA75,SMA25<=SMA75 | SMA75下向き | 押し目安値+5%外,3,False,False,False,True,True,False,True,False,False,True,2026-08-05,26925.0,2026-09-16,22165.0,2026-10-08,25025.0,25135.0,7.59,7.06,12.9,23695.0,24835.33,25134.33,False,False,
7741.T,HOYA,30,False,,0,,ピーク後データなし,,0,False,False,False,False,False,False,False,False,False,True,2026-10-08,25505.0,,,,,,,,,,,,,,
7762.T,シチズン,60,False,,0,,Drop>15%,Drop>15% | 押し目安値+5%外,4,True,True,True,False,True,False,True,False,False,False,2026-08-17,2920.0,2026-09-14,2143.0,2026-10-08,2355.0,2431.0,23.99,19.35,9.89,2417.76,2416.63,2395.29,False,False,
7762.T,シチズン,30,False,,0,,Drop>15%,Drop>15% | 押し目安値+5%外,4,True,True,True,False,True,False,True,False,False,False,2026-09-01,2853.0,2026-09-14,2143.0,2026-10-08,2355.0,2431.0,21.15,17.46,9.89,2417.76,2416.63,2395.29,False,False,
9432.T,NTT,60,False,,0,,反発未確認かつ押し目安値+2%外,反発未確認かつ押し目安値+2%外 | 前日終値超えなし,6,True,True,True,True,True,True,True,False,False,False,2026-09-18,180.1,2026-10-05,167.2,2026-10-08,172.1,172.1,4.65,4.44,2.93,173.78,160.63,157.39,False,True,
9432.T,NTT,30,False,,0,,反発未確認かつ押し目安値+2%外,反発未確認かつ押し目安値+2%外 | 前日終値超えなし,6,True,True,True,True,True,True,True,False,False,False,2026-09-18,180.1,2026-10-05,167.2,2026-10-08,172.1,172.1,4.65,4.44,2.93,173.78,160.63,157.39,False,True,
9433.T,KDDI,60,True,GREEN,2,🟢反発確認,,,7,True,True,True,True,True,True,True,True,False,False,2026-07-30,3121.0,2026-08-10,2779.0,2026-10-08,2905.0,2877.0,7.44,6.92,4.53,2982.92,2886.76,2860.01,False,True,
9433.T,KDDI,30,True,GREEN,2,🟢反発確認,,,7,True,True,True,True,True,True,True,True,True,False,2026-09-17,3111.0,2026-10-07,2868.0,2026-10-08,2905.0,2877.0,7.09,6.62,1.29,2982.92,2886.76,2860.01,True,True,
9434.T,ソフトバンク,60,True,GREEN,2,🟢反発確認,,,7,True,True,True,True,True,True,True,True,False,False,2026-09-15,252.9,2026-10-02,235.9,2026-10-08,241.3,240.7,4.81,4.59,2.29,242.94,229.31,225.48,False,True,
9434.T,ソフトバンク,30,True,GREEN,2,🟢反発確認,,,7,True,True,True,True,True,True,True,True,False,False,2026-09-15,252.9,2026-10-02,235.9,2026-10-08,241.3,240.7,4.81,4.59,2.29,242.94,229.31,225.48,False,True,
6963.T,ローム,60,False,,0,,SMA25<=SMA75,SMA25<=SMA75 | 押し目安値+5%外,4,False,False,True,True,True,False,True,False,False,True,2026-07-10,5817.0,2026-07-30,3775.0,2026-10-08,5096.0,5375.0,14.15,12.39,34.99,4878.12,4940.01,4932.25,False,False,
6963.T,ローム,30,False,,0,,SMA25<=SMA75,SMA25<=SMA75 | 押し目日が最新日 | 前日終値超えなし,4,False,False,True,True,True,True,False,False,True,True,2026-10-07,5486.0,2026-10-08,5069.0,2026-10-08,5096.0,5375.0,7.65,7.11,0.53,4878.12,4940.01,4932.25,True,True,
9984.T,ソフトバンクG,60,False,,0,,SMA75下向き,SMA75下向き | 押し目安値+5%外,4,True,True,False,True,True,False,True,False,False,False,2026-09-09,6959.0,2026-09-14,5678.0,2026-10-08,6040.0,6310.0,15.22,13.21,6.38,6157.48,5889.68,5970.41,False,False,
9984.T,ソフトバンクG,30,False,,0,,SMA75下向き,SMA75下向き | 押し目安値+5%外,4,True,True,False,True,True,False,True,False,False,False,2026-09-09,6959.0,2026-09-14,5678.0,2026-10-08,6040.0,6310.0,15.22,13.21,6.38,6157.48,5889.68,5970.41,False,False,
5831.T,,60,True,YELLOW,1,🟡押し目接近,,,6,True,True,True,True,True,True,True,False,True,False,2026-08-31,3712.0,2026-09-11,3410.0,2026-10-08,3430.0,3540.0,8.22,7.6,0.59,3569.2,3391.17,3315.42,True,True,
5831.T,,30,True,YELLOW,1,🟡押し目接近,,,6,True,True,True,True,True,True,True,False,True,False,2026-08-31,3712.0,2026-09-11,3410.0,2026-10-08,3430.0,3540.0,8.22,7.6,0.59,3569.2,3391.17,3315.42,True,True,
7186.T,,60,False,,0,,反発未確認かつ押し目安値+2%外,反発未確認かつ押し目安値+2%外 | 前日終値超えなし,6,True,True,True,True,True,True,True,False,False,False,2026-07-27,1995.5,2026-08-03,1750.0,2026-10-08,1837.0,1882.0,8.63,7.94,4.97,1903.84,1873.58,1848.48,False,True,
7186.T,,30,True,YELLOW,1,🟡押し目接近,,,6,True,True,True,True,True,True,True,False,True,False,2026-09-04,1991.5,2026-09-11,1828.5,2026-10-08,1837.0,1882.0,8.41,7.76,0.46,1903.84,1873.58,1848.48,True,True,
8304.T,あおぞら銀,60,True,YELLOW,1,🟡押し目接近,,,5,True,True,True,True,True,True,False,False,True,False,2026-09-28,3593.0,2026-10-08,3281.0,2026-10-08,3308.0,3387.0,8.62,7.93,0.82,3444.6,3194.18,3100.48,True,True,
8304.T,あおぞら銀,30,True,YELLOW,1,🟡押し目接近,,,5,True,True,True,True,True,True,False,False,True,False,2026-09-28,3593.0,2026-10-08,3281.0,2026-10-08,3308.0,3387.0,8.62,7.93,0.82,3444.6,3194.18,3100.48,True,True,
8306.T,三菱UFJ,60,False,,0,,反発未確認かつ押し目安値+2%外,反発未確認かつ押し目安値+2%外 | 前日終値超えなし,6,True,True,True,True,True,True,True,False,False,False,2026-07-27,3813.0,2026-08-20,3415.0,2026-10-08,3504.0,3622.0,8.82,8.1,2.61,3654.84,3557.07,3502.4,False,True,
8306.T,三菱UFJ,30,False,,0,,押し目安値+5%外,押し目安値+5%外,4,True,True,True,True,True,False,False,False,False,False,2026-09-07,3795.0,2026-10-08,3504.0,2026-10-08,3504.0,3622.0,8.3,7.67,0.0,3654.84,3557.07,3502.4,False,False,
8308.T,りそなHD,60,False,,0,,押し目安値+5%外,押し目安値+5%外,4,True,True,True,True,True,False,False,False,False,False,2026-10-06,2618.5,2026-10-08,2439.5,2026-10-08,2439.5,2512.5,7.34,6.84,0.0,2504.0,2372.19,2323.37,False,False,
8308.T,りそなHD,30,False,,0,,押し目安値+5%外,押し目安値+5%外,4,True,True,True,True,True,False,False,False,False,False,2026-10-06,2618.5,2026-10-08,2439.5,2026-10-08,2439.5,2512.5,7.34,6.84,0.0,2504.0,2372.19,2323.37,False,False,
8309.T,三井住友,60,True,YELLOW,1,🟡押し目接近,,,5,True,True,True,True,True,True,False,False,True,False,2026-09-01,1822.5,2026-10-08,1700.5,2026-10-08,1704.0,1754.5,6.95,6.5,0.21,1772.3,1693.68,1656.51,True,True,
8309.T,三井住友,30,True,YELLOW,1,🟡押し目接近,,,5,True,True,True,True,True,True,False,False,True,False,2026-09-01,1822.5,2026-10-08,1700.5,2026-10-08,1704.0,1754.5,6.95,6.5,0.21,1772.3,1693.68,1656.51,True,True,
8316.T,三井住友信託,60,False,,0,,反発未確認かつ押し目安値+2%外,反発未確認かつ押し目安値+2%外 | 前日終値超えなし,6,True,True,True,True,True,True,True,False,False,False,2026-07-27,3630.0,2026-08-03,3210.0,2026-10-08,3297.0,3372.0,10.1,9.17,2.71,3433.74,3395.65,3365.93,False,True,
8316.T,三井住友信託,30,False,,0,,押し目安値+5%外,押し目安値+5%外,4,True,True,True,True,True,False,False,False,False,False,2026-09-04,3590.5,2026-10-08,3297.0,2026-10-08,3297.0,3372.0,8.9,8.17,0.0,3433.74,3395.65,3365.93,False,False,
8331.T,千葉銀,60,False,,0,,押し目安値+5%外,押し目安値+5%外,4,True,True,True,True,True,False,False,False,False,False,2026-10-06,2896.0,2026-10-08,2706.5,2026-10-08,2706.5,2798.5,7.0,6.54,0.0,2784.26,2714.12,2665.09,False,False,
8331.T,千葉銀,30,False,,0,,押し目安値+5%外,押し目安値+5%外,4,True,True,True,True,True,False,False,False,False,False,2026-10-06,2896.0,2026-10-08,2706.5,2026-10-08,2706.5,2798.5,7.0,6.54,0.0,2784.26,2714.12,2665.09,False,False,
8354.T,ふくおかFG,60,True,YELLOW,1,🟡押し目接近,,,5,True,True,True,True,True,True,False,False,True,False,2026-09-28,8060.0,2026-10-08,7537.0,2026-10-08,7546.0,7756.0,6.81,6.38,0.12,7815.64,7539.11,7408.48,True,True,
8354.T,ふくおかFG,30,True,YELLOW,1,🟡押し目接近,,,5,True,True,True,True,True,True,False,False,True,False,2026-09-28,8060.0,2026-10-08,7537.0,2026-10-08,7546.0,7756.0,6.81,6.38,0.12,7815.64,7539.11,7408.48,True,True,
8411.T,みずほ,60,False,,0,,押し目安値+5%外,押し目安値+5%外,4,True,True,True,True,True,False,False,False,False,False,2026-09-30,8903.0,2026-10-08,8350.0,2026-10-08,8350.0,8644.0,6.62,6.21,0.0,8620.88,8363.53,8243.75,False,False,
8411.T,みずほ,30,False,,0,,押し目安値+5%外,押し目安値+5%外,4,True,True,True,True,True,False,False,False,False,False,2026-09-30,8903.0,2026-10-08,8350.0,2026-10-08,8350.0,8644.0,6.62,6.21,0.0,8620.88,8363.53,8243.75,False,False,
8253.T,クレセゾン,60,False,,0,,SMA25<=SMA75,SMA25<=SMA75 | 反発未確認かつ押し目安値+2%外 | 押し目日が最新日 | 前日終値超えなし,4,True,False,True,True,True,True,False,False,False,False,2026-08-14,4886.0,2026-10-08,4178.0,2026-10-08,4263.0,4311.0,14.61,12.75,2.03,4552.72,4581.17,4555.97,False,True,
8253.T,クレセゾン,30,False,,0,,SMA25<=SMA75,SMA25<=SMA75 | 反発未確認かつ押し目安値+2%外 | 押し目日が最新日 | 前日終値超えなし,4,True,False,True,True,True,True,False,False,False,False,2026-08-26,4843.0,2026-10-08,4178.0,2026-10-08,4263.0,4311.0,13.61,11.98,2.03,4552.72,4581.17,4555.97,False,True,
8591.T,オリックス,60,False,,0,,SMA25<=SMA75,SMA25<=SMA75 | SMA75下向き | 前日終値超えなし,4,True,False,False,True,True,True,True,False,True,False,2026-07-28,6680.0,2026-10-02,5733.0,2026-10-08,5751.0,5877.0,16.15,13.91,0.31,6065.96,6254.37,6293.01,True,True,
8591.T,オリックス,30,False,,0,,SMA25<=SMA75,SMA25<=SMA75 | SMA75下向き | 前日終値超えなし,4,True,False,False,True,True,True,True,False,True,False,2026-09-03,6583.0,2026-10-02,5733.0,2026-10-08,5751.0,5877.0,14.47,12.64,0.31,6065.96,6254.37,6293.01,True,True,
8697.T,日取所,60,True,YELLOW,1,🟡押し目接近,,,6,True,True,True,True,True,True,True,False,True,False,2026-09-25,2363.5,2026-09-29,2235.0,2026-10-08,2251.5,2281.0,4.97,4.74,0.74,2246.24,2212.59,2189.65,True,True,
8697.T,日取所,30,True,YELLOW,1,🟡押し目接近,,,6,True,True,True,True,True,True,True,False,True,False,2026-09-25,2363.5,2026-09-29,2235.0,2026-10-08,2251.5,2281.0,4.97,4.74,0.74,2246.24,2212.59,2189.65,True,True,
8601.T,大和証G,60,True,YELLOW,1,🟡押し目接近,,,6,True,True,True,True,True,True,True,False,True,False,2026-09-04,1898.0,2026-10-05,1725.5,2026-10-08,1742.0,1761.5,8.96,8.22,0.96,1818.86,1782.21,1754.13,True,True,
8601.T,大和証G,30,True,YELLOW,1,🟡押し目接近,,,6,True,True,True,True,True,True,True,False,True,False,2026-09-04,1898.0,2026-10-05,1725.5,2026-10-08,1742.0,1761.5,8.96,8.22,0.96,1818.86,1782.21,1754.13,True,True,
8604.T,野村HD,60,True,YELLOW,1,🟡押し目接近,,,5,True,True,True,True,True,True,False,False,True,False,2026-09-14,1688.0,2026-10-08,1483.0,2026-10-08,1490.0,1519.5,13.29,11.73,0.47,1594.66,1552.82,1533.46,True,True,
8604.T,野村HD,30,True,YELLOW,1,🟡押し目接近,,,5,True,True,True,True,True,True,False,False,True,False,2026-09-14,1688.0,2026-10-08,1483.0,2026-10-08,1490.0,1519.5,13.29,11.73,0.47,1594.66,1552.82,1533.46,True,True,
8630.T,住友信託,60,True,YELLOW,1,🟡押し目接近,,,5,True,True,True,True,True,True,False,False,True,False,2026-07-29,7413.0,2026-10-08,6466.0,2026-10-08,6545.0,6561.0,13.26,11.71,1.22,6753.72,6740.95,6674.55,True,True,
8630.T,住友信託,30,True,YELLOW,1,🟡押し目接近,,,5,True,True,True,True,True,True,False,False,True,False,2026-09-18,7023.0,2026-10-08,6466.0,2026-10-08,6545.0,6561.0,7.3,6.81,1.22,6753.72,6740.95,6674.55,True,True,
8725.T,MS&AD,60,False,,0,,反発未確認かつ押し目安値+2%外,反発未確認かつ押し目安値+2%外 | 前日終値超えなし,6,True,True,True,True,True,True,True,False,False,False,2026-09-18,5326.0,2026-10-05,4742.0,2026-10-08,4856.0,4856.0,9.68,8.82,2.4,5036.4,4826.03,4779.44,False,True,
8725.T,MS&AD,30,False,,0,,反発未確認かつ押し目安値+2%外,反発未確認かつ押し目安値+2%外 | 前日終値超えなし,6,True,True,True,True,True,True,True,False,False,False,2026-09-18,5326.0,2026-10-05,4742.0,2026-10-08,4856.0,4856.0,9.68,8.82,2.4,5036.4,4826.03,4779.44,False,True,
8750.T,第一生命,60,False,,0,,反発未確認かつ押し目安値+2%外,反発未確認かつ押し目安値+2%外 | 前日終値超えなし,6,True,True,True,True,True,True,True,False,False,False,2026-07-27,1959.0,2026-08-20,1750.0,2026-10-08,1793.5,1837.5,9.23,8.45,2.49,1863.94,1851.84,1837.67,False,True,
8750.T,第一生命,30,True,YELLOW,1,🟡押し目接近,,,6,True,True,True,True,True,True,True,False,True,False,2026-09-28,1948.5,2026-10-05,1776.5,2026-10-08,1793.5,1837.5,8.64,7.95,0.96,1863.94,1851.84,1837.67,True,True,
8766.T,東京海上,60,False,,0,,押し目安値+5%外,押し目安値+5%外,6,True,True,True,True,True,False,True,True,False,False,2026-07-29,564.53,2026-08-20,479.07,2026-10-08,518.1,516.0,8.96,8.23,8.15,527.94,514.61,509.76,False,False,
8766.T,東京海上,30,True,GREEN,2,🟢反発確認,,,7,True,True,True,True,True,True,True,True,False,False,2026-09-18,557.47,2026-10-05,501.0,2026-10-08,518.1,516.0,7.6,7.06,3.41,527.94,514.61,509.76,False,True,
8795.T,T&DHD,60,False,,0,,SMA25<=SMA75,SMA25<=SMA75 | 前日終値超えなし,5,True,False,True,True,True,True,True,False,True,False,2026-07-27,5176.0,2026-08-24,4675.0,2026-10-08,4735.0,4860.0,9.31,8.52,1.28,4884.88,4902.88,4881.16,True,True,
8795.T,T&DHD,30,False,,0,,SMA25<=SMA75,SMA25<=SMA75 | 前日終値超えなし,5,True,False,True,True,True,True,True,False,True,False,2026-09-18,5095.0,2026-10-05,4680.0,2026-10-08,4735.0,4860.0,7.6,7.07,1.18,4884.88,4902.88,4881.16,True,True,
1332.T,日水,60,False,,0,,SMA25<=SMA75,SMA25<=SMA75 | SMA75下向き | Drop>15% | 押し目日が最新日 | 前日終値超えなし,2,True,False,False,False,True,True,False,False,True,False,2026-07-29,1346.0,2026-10-08,1065.0,2026-10-08,1082.5,1106.5,24.34,19.58,1.64,1171.74,1241.37,1262.33,True,True,
1332.T,日水,30,False,,0,,SMA25<=SMA75,SMA25<=SMA75 | SMA75下向き | Drop>15% | 押し目日が最新日 | 前日終値超えなし,2,True,False,False,False,True,True,False,False,True,False,2026-08-27,1316.0,2026-10-08,1065.0,2026-10-08,1082.5,1106.5,21.57,17.74,1.64,1171.74,1241.37,1262.33,True,True,
2002.T,日清粉G,60,True,GREEN,2,🟢反発確認,,,7,True,True,True,True,True,True,True,True,False,False,2026-07-29,2189.5,2026-08-05,1906.0,2026-10-08,1982.5,1971.0,10.44,9.45,4.01,2020.48,2018.54,2012.12,False,True,
2002.T,日清粉G,30,True,GREEN,2,🟢反発確認,,,7,True,True,True,True,True,True,True,True,False,False,2026-09-15,2104.0,2026-10-02,1937.0,2026-10-08,1982.5,1971.0,6.13,5.77,2.35,2020.48,2018.54,2012.12,False,True,
2269.T,明治HD,60,True,GREEN,2,🟢反発確認,,,7,True,True,True,True,True,True,True,True,False,False,2026-09-03,4608.0,2026-10-05,4033.0,2026-10-08,4176.0,4166.0,10.34,9.38,3.55,4293.12,4065.05,4000.37,False,True,
2269.T,明治HD,30,True,GREEN,2,🟢反発確認,,,7,True,True,True,True,True,True,True,True,False,False,2026-09-03,4608.0,2026-10-05,4033.0,2026-10-08,4176.0,4166.0,10.34,9.38,3.55,4293.12,4065.05,4000.37,False,True,
2282.T,日本ハム,60,False,,0,,SMA25<=SMA75,SMA25<=SMA75 | SMA75下向き | 反発未確認かつ押し目安値+2%外 | 前日終値超えなし,4,True,False,False,True,True,True,True,False,False,False,2026-07-29,2240.67,2026-08-04,1914.33,2026-10-08,2007.0,2008.5,11.64,10.43,4.84,2037.21,2057.83,2059.36,False,True,
2282.T,日本ハム,30,False,,0,,SMA25<=SMA75,SMA25<=SMA75 | SMA75下向き | 反発未確認かつ押し目安値+2%外 | 前日終値超えなし,4,True,False,False,True,True,True,True,False,False,False,2026-08-25,2168.67,2026-09-29,1941.0,2026-10-08,2007.0,2008.5,8.06,7.45,3.4,2037.21,2057.83,2059.36,False,True,
2501.T,サッポロHD,60,False,,0,,SMA25<=SMA75,SMA25<=SMA75 | Drop>15% | 反発未確認かつ押し目安値+2%外 | 前日終値超えなし,4,False,False,True,False,True,True,True,False,False,True,2026-07-30,2198.5,2026-09-28,1771.5,2026-10-08,1821.0,1841.0,20.73,17.17,2.79,1845.62,1931.19,1909.96,False,True,
2501.T,サッポロHD,30,False,,0,,SMA25<=SMA75,SMA25<=SMA75 | 反発未確認かつ押し目安値+2%外 | 前日終値超えなし,5,False,False,True,True,True,True,True,False,False,True,2026-08-25,1948.0,2026-09-28,1771.5,2026-10-08,1821.0,1841.0,6.97,6.52,2.79,1845.62,1931.19,1909.96,False,True,
2502.T,アサヒGHD,60,False,,0,,SMA25<=SMA75,SMA25<=SMA75 | 押し目日が最新日 | 前日終値超えなし,4,True,False,True,True,True,True,False,False,True,False,2026-07-29,1805.5,2026-10-08,1540.5,2026-10-08,1559.0,1577.0,15.81,13.65,1.2,1610.28,1623.65,1613.59,True,True,
2502.T,アサヒGHD,30,False,,0,,SMA25<=SMA75,SMA25<=SMA75 | 押し目日が最新日 | 前日終値超えなし,4,True,False,True,True,True,True,False,False,True,False,2026-08-25,1702.0,2026-10-08,1540.5,2026-10-08,1559.0,1577.0,9.17,8.4,1.2,1610.28,1623.65,1613.59,True,True,
2503.T,キリンHD,60,False,,0,,SMA25<=SMA75,SMA25<=SMA75 | 前日終値超えなし,5,True,False,True,True,True,True,True,False,True,False,2026-07-29,3161.0,2026-10-07,2727.0,2026-10-08,2750.5,2771.5,14.92,12.99,0.86,2848.1,2902.2,2886.31,True,True,
2503.T,キリンHD,30,False,,0,,SMA25<=SMA75,SMA25<=SMA75 | 前日終値超えなし,5,True,False,True,True,True,True,True,False,True,False,2026-08-26,3119.0,2026-10-07,2727.0,2026-10-08,2750.5,2771.5,13.4,11.81,0.86,2848.1,2902.2,2886.31,True,True,
2801.T,キッコマン,60,False,,0,,押し目安値+5%外,押し目安値+5%外,5,False,True,True,True,True,False,True,False,False,True,2026-08-21,1867.5,2026-10-01,1610.5,2026-10-08,1736.5,1742.0,7.54,7.01,7.82,1704.66,1695.0,1677.61,False,False,
2801.T,キッコマン,30,False,,0,,押し目安値+5%外,押し目安値+5%外,5,False,True,True,True,True,False,True,False,False,True,2026-08-25,1863.0,2026-10-01,1610.5,2026-10-08,1736.5,1742.0,7.28,6.79,7.82,1704.66,1695.0,1677.61,False,False,
2802.T,味の素,60,False,,0,,SMA25<=SMA75,SMA25<=SMA75 | 押し目安値+5%外,4,False,False,True,True,True,False,True,False,False,True,2026-07-10,5783.0,2026-07-30,4721.0,2026-10-08,5293.0,5346.0,9.26,8.47,12.12,5111.12,5354.09,5338.88,False,False,
2802.T,味の素,30,False,,0,,SMA25<=SMA75,SMA25<=SMA75 | 押し目安値+5%外,4,False,False,True,True,True,False,True,False,False,True,2026-08-27,5609.0,2026-09-14,4800.0,2026-10-08,5293.0,5346.0,5.97,5.63,10.27,5111.12,5354.09,5338.88,False,False,
2871.T,ニチレイ,60,False,,0,,SMA25<=SMA75,SMA25<=SMA75 | 前日終値超えなし,5,True,False,True,True,True,True,True,False,True,False,2026-07-29,2369.0,2026-08-10,2050.0,2026-10-08,2070.5,2101.0,14.42,12.6,1.0,2153.28,2155.81,2145.1,True,True,
2871.T,ニチレイ,30,False,,0,,SMA25<=SMA75,SMA25<=SMA75 | 前日終値超えなし,5,True,False,True,True,True,True,True,False,True,False,2026-09-15,2269.5,2026-10-02,2056.5,2026-10-08,2070.5,2101.0,9.61,8.77,0.68,2153.28,2155.81,2145.1,True,True,
2914.T,JT,60,False,,0,,押し目安値+5%外,押し目安値+5%外,5,False,True,True,True,True,False,True,False,False,True,2026-07-31,7218.0,2026-09-11,6500.0,2026-10-08,6960.0,6990.0,3.71,3.57,7.08,6850.92,6643.45,6536.59,False,False,
2914.T,JT,30,False,,0,,Return<3%,Return<3% | 押し目安値+5%外,4,False,True,True,True,False,False,True,False,False,True,2026-09-01,7109.0,2026-09-11,6500.0,2026-10-08,6960.0,6990.0,2.14,2.1,7.08,6850.92,6643.45,6536.59,False,False,
3086.T,Jフロント,60,False,,0,,SMA25<=SMA75,SMA25<=SMA75 | Drop>15% | 押し目安値+5%外,4,False,False,True,False,True,False,True,True,False,True,2026-07-21,3346.0,2026-10-02,2528.5,2026-10-08,2743.5,2728.0,21.96,18.01,8.5,2676.58,2940.55,2897.65,False,False,
3086.T,Jフロント,30,False,,0,,SMA25<=SMA75,SMA25<=SMA75 | 押し目安値+5%外,5,False,False,True,True,True,False,True,True,False,True,2026-08-27,3189.0,2026-10-02,2528.5,2026-10-08,2743.5,2728.0,16.24,13.97,8.5,2676.58,2940.55,2897.65,False,False,
3092.T,ZOZO,60,False,,0,,SMA25<=SMA75,SMA25<=SMA75 | 押し目安値+5%外,5,True,False,True,True,True,False,True,True,False,False,2026-07-29,1242.0,2026-09-30,1060.5,2026-10-08,1131.0,1120.0,9.81,8.94,6.65,1125.58,1140.66,1139.12,False,False,
3092.T,ZOZO,30,False,,0,,SMA25<=SMA75,SMA25<=SMA75 | 押し目安値+5%外,5,True,False,True,True,True,False,True,True,False,False,2026-09-01,1182.5,2026-09-30,1060.5,2026-10-08,1131.0,1120.0,4.55,4.36,6.65,1125.58,1140.66,1139.12,False,False,
3099.T,三越伊勢丹,60,False,,0,,SMA25<=SMA75,SMA25<=SMA75 | SMA75下向き | Drop>15% | 押し目安値+5%外,2,False,False,False,False,True,False,True,False,False,True,2026-07-15,2041.5,2026-09-10,1529.5,2026-10-08,1730.0,1747.0,18.01,15.26,13.11,1636.7,1794.83,1816.16,False,False,
3099.T,三越伊勢丹,30,False,,0,,SMA25<=SMA75,SMA25<=SMA75 | SMA75下向き | 押し目安値+5%外,3,False,False,False,True,True,False,True,False,False,True,2026-08-26,1805.5,2026-09-10,1529.5,2026-10-08,1730.0,1747.0,4.36,4.18,13.11,1636.7,1794.83,1816.16,False,False,
3382.T,セブン&アイ,60,False,,0,,SMA25<=SMA75,SMA25<=SMA75,6,True,False,True,True,True,True,True,True,True,False,2026-07-29,2266.5,2026-08-28,1957.5,2026-10-08,1987.5,1967.5,14.04,12.31,1.53,2016.38,2028.32,2019.83,True,True,
3382.T,セブン&アイ,30,False,,0,,SMA25<=SMA75,SMA25<=SMA75 | 押し目日が最新日,5,True,False,True,True,True,True,False,True,True,False,2026-09-03,2078.5,2026-10-08,1958.0,2026-10-08,1987.5,1967.5,4.58,4.38,1.51,2016.38,2028.32,2019.83,True,True,
7453.T,良品計画,60,False,,0,,押し目安値+5%外,押し目安値+5%外,6,False,True,True,True,True,False,True,True,False,True,2026-08-12,4625.0,2026-09-24,3861.0,2026-10-08,4380.0,4379.0,5.59,5.3,13.44,4140.56,4096.67,4014.41,False,False,
7453.T,良品計画,30,False,,0,,Return<3%,Return<3% | 押し目日が最新日,5,False,True,True,True,False,True,False,True,True,True,2026-10-07,4455.0,2026-10-08,4322.0,2026-10-08,4380.0,4379.0,1.71,1.68,1.34,4140.56,4096.67,4014.41,True,True,
8233.T,,60,False,,0,,SMA25<=SMA75,SMA25<=SMA75 | Drop>15% | 押し目安値+5%外,3,False,False,True,False,True,False,True,False,False,True,2026-07-21,2541.0,2026-10-02,2034.5,2026-10-08,2140.5,2174.0,18.71,15.76,5.21,2140.28,2283.89,2281.57,False,False,
8233.T,,30,False,,0,,SMA25<=SMA75,SMA25<=SMA75 | Drop>15% | 押し目安値+5%外,3,False,False,True,False,True,False,True,False,False,True,2026-08-27,2523.5,2026-10-02,2034.5,2026-10-08,2140.5,2174.0,17.89,15.18,5.21,2140.28,2283.89,2281.57,False,False,
8252.T,丸井G,60,False,,0,,SMA25<=SMA75,SMA25<=SMA75 | SMA75下向き | 前日終値超えなし,4,True,False,False,True,True,True,True,False,True,False,2026-07-29,3131.0,2026-10-05,2710.5,2026-10-08,2745.5,2760.0,14.04,12.31,1.29,2846.56,2902.47,2905.45,True,True,
8252.T,丸井G,30,False,,0,,SMA25<=SMA75,SMA25<=SMA75 | SMA75下向き | 前日終値超えなし,4,True,False,False,True,True,True,True,False,True,False,2026-08-26,3037.0,2026-10-05,2710.5,2026-10-08,2745.5,2760.0,10.62,9.6,1.29,2846.56,2902.47,2905.45,True,True,
8267.T,イオン,60,False,,0,,SMA25<=SMA75,SMA25<=SMA75 | SMA75下向き | Drop>15% | 押し目日が最新日 | 前日終値超えなし,2,True,False,False,False,True,True,False,False,True,False,2026-07-29,1468.0,2026-10-08,1190.5,2026-10-08,1201.5,1217.5,22.18,18.15,0.92,1315.34,1352.19,1369.25,True,True,
8267.T,イオン,30,False,,0,,SMA25<=SMA75,SMA25<=SMA75 | SMA75下向き | Drop>15% | 押し目日が最新日 | 前日終値超えなし,2,True,False,False,False,True,True,False,False,True,False,2026-09-04,1433.0,2026-10-08,1190.5,2026-10-08,1201.5,1217.5,19.27,16.15,0.92,1315.34,1352.19,1369.25,True,True,
9843.T,ニトリHD,60,False,,0,,押し目安値+5%外,押し目安値+5%外,5,False,True,True,True,True,False,True,False,False,True,2026-09-08,3435.0,2026-10-01,2857.0,2026-10-08,3116.0,3125.0,10.24,9.29,9.07,3121.76,2796.43,2742.09,False,False,
9843.T,ニトリHD,30,False,,0,,押し目安値+5%外,押し目安値+5%外,5,False,True,True,True,True,False,True,False,False,True,2026-09-08,3435.0,2026-10-01,2857.0,2026-10-08,3116.0,3125.0,10.24,9.29,9.07,3121.76,2796.43,2742.09,False,False,
9983.T,ファーストリテ,60,False,,0,,SMA25<=SMA75,SMA25<=SMA75 | SMA75下向き | 押し目安値+5%外,4,False,False,False,True,True,False,True,True,False,True,2026-07-10,86840.0,2026-09-11,65010.0,2026-10-08,74800.0,74780.0,16.1,13.86,15.06,69637.2,76028.67,77139.73,False,False,
9983.T,ファーストリテ,30,False,,0,,SMA25<=SMA75,SMA25<=SMA75 | SMA75下向き | Return<3% | 押し目日が最新日,3,False,False,False,True,False,True,False,True,True,True,2026-10-07,76870.0,2026-10-08,74320.0,2026-10-08,74800.0,74780.0,2.77,2.69,0.65,69637.2,76028.67,77139.73,True,True,
2413.T,エムスリー,60,False,,0,,SMA25<=SMA75,SMA25<=SMA75 | 押し目安値+5%外,5,False,False,True,True,True,False,True,True,False,True,2026-07-30,2003.0,2026-08-07,1449.0,2026-10-08,1851.5,1845.5,8.18,7.56,27.78,1763.82,1785.33,1761.61,False,False,
2413.T,エムスリー,30,False,,0,,SMA25<=SMA75,SMA25<=SMA75 | Return<3% | 押し目安値+5%外,4,False,False,True,True,False,False,True,True,False,True,2026-09-01,1878.0,2026-09-10,1624.5,2026-10-08,1851.5,1845.5,1.43,1.41,13.97,1763.82,1785.33,1761.61,False,False,
2432.T,DeNA,60,False,,0,,SMA75下向き,SMA75下向き | 押し目日が最新日 | 前日終値超えなし,4,True,True,False,True,True,True,False,False,True,False,2026-09-04,2629.0,2026-10-08,2453.0,2026-10-08,2481.5,2495.0,5.94,5.61,1.16,2543.14,2505.15,2522.17,True,True,
2432.T,DeNA,30,False,,0,,SMA75下向き,SMA75下向き | 押し目日が最新日 | 前日終値超えなし,4,True,True,False,True,True,True,False,False,True,False,2026-09-04,2629.0,2026-10-08,2453.0,2026-10-08,2481.5,2495.0,5.94,5.61,1.16,2543.14,2505.15,2522.17,True,True,
3659.T,,60,False,,0,,Drop>15%,Drop>15% | 押し目日が最新日 | 前日終値超えなし,4,True,True,True,False,True,True,False,False,True,False,2026-08-17,3349.0,2026-10-08,2564.0,2026-10-08,2600.0,2616.5,28.81,22.36,1.4,2970.4,2655.79,2586.65,True,True,
3659.T,,30,False,,0,,Drop>15%,Drop>15% | 押し目日が最新日 | 前日終値超えなし,4,True,True,True,False,True,True,False,False,True,False,2026-09-01,3250.0,2026-10-08,2564.0,2026-10-08,2600.0,2616.5,25.0,20.0,1.4,2970.4,2655.79,2586.65,True,True,
4307.T,,60,False,,0,,押し目安値+5%外,押し目安値+5%外,6,False,True,True,True,True,False,True,True,False,True,2026-07-30,5620.0,2026-08-05,4486.0,2026-10-08,5341.0,5189.0,5.22,4.96,19.06,5078.48,4960.45,4901.47,False,False,
4307.T,,30,False,,0,,Return<3%,Return<3% | 押し目安値+5%外,5,False,True,True,True,False,False,True,True,False,True,2026-09-01,5410.0,2026-09-10,4753.0,2026-10-08,5341.0,5189.0,1.29,1.28,12.37,5078.48,4960.45,4901.47,False,False,
4324.T,,60,False,,0,,押し目安値+5%外,押し目安値+5%外,6,True,True,True,True,True,False,True,True,False,False,2026-07-29,3874.0,2026-08-17,3400.0,2026-10-08,3571.0,3526.0,8.49,7.82,5.03,3601.28,3487.84,3429.12,False,False,
4324.T,,30,True,GREEN,2,🟢反発確認,,,7,True,True,True,True,True,True,True,True,False,False,2026-09-02,3826.0,2026-09-29,3482.0,2026-10-08,3571.0,3526.0,7.14,6.66,2.56,3601.28,3487.84,3429.12,False,True,
4385.T,,60,False,,0,,SMA25<=SMA75,SMA25<=SMA75 | SMA75下向き | Drop>15%,4,False,False,False,False,True,True,True,True,False,True,2026-08-10,5111.0,2026-10-06,3489.0,2026-10-08,3646.0,3600.0,40.18,28.66,4.5,3844.36,4255.4,4278.76,False,True,
4385.T,,30,False,,0,,SMA25<=SMA75,SMA25<=SMA75 | SMA75下向き | Drop>15%,4,False,False,False,False,True,True,True,True,False,True,2026-08-28,4685.0,2026-10-06,3489.0,2026-10-08,3646.0,3600.0,28.5,22.18,4.5,3844.36,4255.4,4278.76,False,True,
4661.T,OLC,60,True,GREEN,2,🟢反発確認,,,7,True,True,True,True,True,True,True,True,False,False,2026-09-14,3196.0,2026-10-05,2796.0,2026-10-08,2933.0,2888.5,8.97,8.23,4.9,3001.52,2842.73,2759.09,False,True,
4661.T,OLC,30,True,GREEN,2,🟢反発確認,,,7,True,True,True,True,True,True,True,True,False,False,2026-09-14,3196.0,2026-10-05,2796.0,2026-10-08,2933.0,2888.5,8.97,8.23,4.9,3001.52,2842.73,2759.09,False,True,
4689.T,ZHD,60,True,YELLOW,1,🟡押し目接近,,,6,True,True,True,True,True,True,True,False,True,False,2026-09-16,570.9,2026-10-05,484.5,2026-10-08,493.0,498.0,15.8,13.65,1.75,524.69,484.77,472.2,True,True,
4689.T,ZHD,30,True,YELLOW,1,🟡押し目接近,,,6,True,True,True,True,True,True,True,False,True,False,2026-09-16,570.9,2026-10-05,484.5,2026-10-08,493.0,498.0,15.8,13.65,1.75,524.69,484.77,472.2,True,True,
4704.T,トレンド,60,False,,0,,ピーク後データなし,,0,False,False,False,False,False,False,False,False,False,True,2026-10-08,7430.0,,,,,,,,,,,,,,
4704.T,トレンド,30,False,,0,,ピーク後データなし,,0,False,False,False,False,False,False,False,False,False,True,2026-10-08,7430.0,,,,,,,,,,,,,,
4751.T,サイバー,60,False,,0,,SMA25<=SMA75,SMA25<=SMA75 | SMA75下向き | Drop>15% | 前日終値超えなし,3,True,False,False,False,True,True,True,False,True,False,2026-07-29,1588.5,2026-09-29,1203.5,2026-10-08,1221.0,1239.5,30.1,23.14,1.45,1248.66,1348.17,1366.43,True,True,
4751.T,サイバー,30,False,,0,,SMA25<=SMA75,SMA25<=SMA75 | SMA75下向き | 前日終値超えなし,4,True,False,False,True,True,True,True,False,True,False,2026-09-01,1371.5,2026-09-29,1203.5,2026-10-08,1221.0,1239.5,12.33,10.97,1.45,1248.66,1348.17,1366.43,True,True,
4755.T,楽天G,60,False,,0,,SMA25<=SMA75,SMA25<=SMA75 | SMA75下向き | Drop>15%,4,True,False,False,False,True,True,True,True,False,False,2026-08-07,886.5,2026-10-07,634.1,2026-10-08,650.2,639.6,36.34,26.66,2.54,703.98,757.07,766.89,False,True,
4755.T,楽天G,30,False,,0,,SMA25<=SMA75,SMA25<=SMA75 | SMA75下向き | Drop>15%,4,True,False,False,False,True,True,True,True,False,False,2026-08-28,794.6,2026-10-07,634.1,2026-10-08,650.2,639.6,22.21,18.17,2.54,703.98,757.07,766.89,False,True,
6098.T,リクルートHD,60,False,,0,,押し目安値+5%外,押し目安値+5%外,6,False,True,True,True,True,False,True,True,False,True,2026-08-31,18215.0,2026-09-09,15225.0,2026-10-08,17200.0,17000.0,5.9,5.57,12.97,16552.4,14513.93,13733.8,False,False,
6098.T,リクルートHD,30,False,,0,,押し目安値+5%外,押し目安値+5%外,6,False,True,True,True,True,False,True,True,False,True,2026-08-31,18215.0,2026-09-09,15225.0,2026-10-08,17200.0,17000.0,5.9,5.57,12.97,16552.4,14513.93,13733.8,False,False,
6178.T,日本郵政,60,True,YELLOW,1,🟡押し目接近,,,5,True,True,True,True,True,True,False,False,True,False,2026-09-04,2603.0,2026-10-08,2372.0,2026-10-08,2374.5,2429.5,9.62,8.78,0.11,2494.78,2396.67,2359.35,True,True,
6178.T,日本郵政,30,True,YELLOW,1,🟡押し目接近,,,5,True,True,True,True,True,True,False,False,True,False,2026-09-04,2603.0,2026-10-08,2372.0,2026-10-08,2374.5,2429.5,9.62,8.78,0.11,2494.78,2396.67,2359.35,True,True,
7974.T,任天堂,60,True,GREEN,2,🟢反発確認,,,7,True,True,True,True,True,True,True,True,True,False,2026-09-01,9180.0,2026-10-06,7727.0,2026-10-08,7851.0,7775.0,16.93,14.48,1.6,8241.36,7855.88,7779.79,True,True,
7974.T,任天堂,30,True,GREEN,2,🟢反発確認,,,7,True,True,True,True,True,True,True,True,True,False,2026-09-01,9180.0,2026-10-06,7727.0,2026-10-08,7851.0,7775.0,16.93,14.48,1.6,8241.36,7855.88,7779.79,True,True,
9602.T,東宝,60,True,YELLOW,1,🟡押し目接近,,,6,True,True,True,True,True,True,False,True,True,False,2026-09-15,1676.0,2026-10-08,1514.0,2026-10-08,1542.0,1520.5,8.69,8.0,1.85,1579.76,1478.93,1442.38,True,True,
9602.T,東宝,30,True,YELLOW,1,🟡押し目接近,,,6,True,True,True,True,True,True,False,True,True,False,2026-09-15,1676.0,2026-10-08,1514.0,2026-10-08,1542.0,1520.5,8.69,8.0,1.85,1579.76,1478.93,1442.38,True,True,
9735.T,セコム,60,False,,0,,SMA25<=SMA75,SMA25<=SMA75 | SMA75下向き,5,True,False,False,True,True,True,True,True,False,False,2026-07-29,7224.0,2026-09-30,6136.0,2026-10-08,6323.0,6257.0,14.25,12.47,3.05,6342.72,6509.28,6532.63,False,True,
9735.T,セコム,30,False,,0,,SMA25<=SMA75,SMA25<=SMA75 | SMA75下向き,5,True,False,False,True,True,True,True,True,False,False,2026-09-01,6560.0,2026-09-30,6136.0,2026-10-08,6323.0,6257.0,3.75,3.61,3.05,6342.72,6509.28,6532.63,False,True,
9766.T,コナミG,60,False,,0,,Return<3%,Return<3% | 押し目安値+5%外,5,False,True,True,True,False,False,True,True,False,True,2026-07-30,22980.0,2026-07-31,19830.0,2026-10-08,22330.0,22170.0,2.91,2.83,12.61,21439.2,20323.6,19951.8,False,False,
9766.T,コナミG,30,False,,0,,Return<3%,Return<3%,6,False,True,True,True,False,True,True,True,True,True,2026-10-05,22980.0,2026-10-06,21935.0,2026-10-08,22330.0,22170.0,2.91,2.83,1.8,21439.2,20323.6,19951.8,True,True,
1605.T,INPEX,60,False,,0,,反発未確認かつ押し目安値+2%外,反発未確認かつ押し目安値+2%外 | 押し目日が最新日 | 前日終値超えなし,5,True,True,True,True,True,True,False,False,False,False,2026-09-02,4212.0,2026-10-08,3527.0,2026-10-08,3625.0,3648.0,16.19,13.94,2.78,3830.88,3652.51,3630.19,False,True,
1605.T,INPEX,30,False,,0,,反発未確認かつ押し目安値+2%外,反発未確認かつ押し目安値+2%外 | 押し目日が最新日 | 前日終値超えなし,5,True,True,True,True,True,True,False,False,False,False,2026-09-02,4212.0,2026-10-08,3527.0,2026-10-08,3625.0,3648.0,16.19,13.94,2.78,3830.88,3652.51,3630.19,False,True,
3401.T,帝人,60,False,,0,,SMA25<=SMA75,SMA25<=SMA75 | 反発未確認かつ押し目安値+2%外 | 前日終値超えなし,5,True,False,True,True,True,True,True,False,False,False,2026-09-01,1825.0,2026-09-09,1606.0,2026-10-08,1640.5,1646.5,11.25,10.11,2.15,1687.72,1691.87,1687.41,False,True,
3401.T,帝人,30,False,,0,,SMA25<=SMA75,SMA25<=SMA75 | 反発未確認かつ押し目安値+2%外 | 前日終値超えなし,5,True,False,True,True,True,True,True,False,False,False,2026-09-01,1825.0,2026-09-09,1606.0,2026-10-08,1640.5,1646.5,11.25,10.11,2.15,1687.72,1691.87,1687.41,False,True,
3402.T,東レ,60,False,,0,,反発未確認かつ押し目安値+2%外,反発未確認かつ押し目安値+2%外 | 前日終値超えなし,6,True,True,True,True,True,True,True,False,False,False,2026-08-10,1395.0,2026-09-09,1202.0,2026-10-08,1227.0,1252.0,13.69,12.04,2.08,1247.98,1222.15,1208.89,False,True,
3402.T,東レ,30,False,,0,,反発未確認かつ押し目安値+2%外,反発未確認かつ押し目安値+2%外 | 前日終値超えなし,6,True,True,True,True,True,True,True,False,False,False,2026-09-01,1319.0,2026-09-09,1202.0,2026-10-08,1227.0,1252.0,7.5,6.97,2.08,1247.98,1222.15,1208.89,False,True,
3861.T,王子HD,60,True,YELLOW,1,🟡押し目接近,,,5,True,True,True,True,True,True,False,False,True,False,2026-07-29,898.2,2026-10-08,818.9,2026-10-08,828.4,829.5,8.43,7.77,1.16,860.4,851.38,844.5,True,True,
3861.T,王子HD,30,True,YELLOW,1,🟡押し目接近,,,5,True,True,True,True,True,True,False,False,True,False,2026-09-01,892.3,2026-10-08,818.9,2026-10-08,828.4,829.5,7.71,7.16,1.16,860.4,851.38,844.5,True,True,
3405.T,クラレ,60,False,,0,,反発未確認かつ押し目安値+2%外,反発未確認かつ押し目安値+2%外 | 前日終値超えなし,6,False,True,True,True,True,True,True,False,False,True,2026-08-07,2088.0,2026-09-11,1741.0,2026-10-08,1806.5,1822.5,15.58,13.48,3.76,1806.34,1795.19,1782.55,False,True,
3405.T,クラレ,30,False,,0,,反発未確認かつ押し目安値+2%外,反発未確認かつ押し目安値+2%外 | 前日終値超えなし,6,False,True,True,True,True,True,True,False,False,True,2026-09-01,1905.0,2026-09-11,1741.0,2026-10-08,1806.5,1822.5,5.45,5.17,3.76,1806.34,1795.19,1782.55,False,True,
3407.T,旭化成,60,False,,0,,SMA25<=SMA75,SMA25<=SMA75 | SMA75下向き | 押し目安値+5%外,3,False,False,False,True,True,False,True,False,False,True,2026-07-15,1905.0,2026-09-11,1518.0,2026-10-08,1650.5,1664.0,15.42,13.36,8.73,1619.08,1713.7,1729.47,False,False,
3407.T,旭化成,30,False,,0,,SMA25<=SMA75,SMA25<=SMA75 | SMA75下向き | Return<3% | 押し目安値+5%外,2,False,False,False,True,False,False,True,False,False,True,2026-09-01,1700.0,2026-09-11,1518.0,2026-10-08,1650.5,1664.0,3.0,2.91,8.73,1619.08,1713.7,1729.47,False,False,
4004.T,昭電工,60,False,,0,,SMA25<=SMA75,SMA25<=SMA75 | SMA75下向き | 押し目日が最新日 | 前日終値超えなし,3,False,False,False,True,True,True,False,False,True,True,2026-10-07,18465.0,2026-10-08,17290.0,2026-10-08,17435.0,18075.0,5.91,5.58,0.84,15482.49,15827.43,15953.58,True,True,
4004.T,昭電工,30,False,,0,,SMA25<=SMA75,SMA25<=SMA75 | SMA75下向き | 押し目日が最新日 | 前日終値超えなし,3,False,False,False,True,True,True,False,False,True,True,2026-10-07,18465.0,2026-10-08,17290.0,2026-10-08,17435.0,18075.0,5.91,5.58,0.84,15482.49,15827.43,15953.58,True,True,
4005.T,住友化学,60,False,,0,,押し目安値+5%外,押し目安値+5%外,5,True,True,True,True,True,False,True,False,False,False,2026-09-03,638.8,2026-09-11,543.2,2026-10-08,572.9,589.8,11.5,10.32,5.47,583.84,548.88,546.75,False,False,
4005.T,住友化学,30,False,,0,,押し目安値+5%外,押し目安値+5%外,5,True,True,True,True,True,False,True,False,False,False,2026-09-03,638.8,2026-09-11,543.2,2026-10-08,572.9,589.8,11.5,10.32,5.47,583.84,548.88,546.75,False,False,
4021.T,日産化,60,False,,0,,Return<3%,Return<3% | 押し目日が最新日 | 前日終値超えなし,4,False,True,True,True,False,True,False,False,True,True,2026-10-07,9124.0,2026-10-08,8874.0,2026-10-08,9020.0,9045.0,1.15,1.14,1.65,8243.68,8085.83,7945.91,True,True,
4021.T,日産化,30,False,,0,,Return<3%,Return<3% | 押し目日が最新日 | 前日終値超えなし,4,False,True,True,True,False,True,False,False,True,True,2026-10-07,9124.0,2026-10-08,8874.0,2026-10-08,9020.0,9045.0,1.15,1.14,1.65,8243.68,8085.83,7945.91,True,True,
4042.T,東ソー,60,False,,0,,SMA25<=SMA75,SMA25<=SMA75 | SMA75下向き | 反発未確認かつ押し目安値+2%外 | 前日終値超えなし,4,True,False,False,True,True,True,True,False,False,False,2026-07-27,2868.5,2026-09-11,2511.5,2026-10-08,2584.5,2634.0,10.99,9.9,2.91,2622.58,2713.61,2747.39,False,True,
4042.T,東ソー,30,False,,0,,SMA25<=SMA75,SMA25<=SMA75 | SMA75下向き | 反発未確認かつ押し目安値+2%外 | 前日終値超えなし,4,True,False,False,True,True,True,True,False,False,False,2026-09-01,2731.5,2026-09-11,2511.5,2026-10-08,2584.5,2634.0,5.69,5.38,2.91,2622.58,2713.61,2747.39,False,True,
4043.T,トクヤマ,60,False,,0,,SMA25<=SMA75,SMA25<=SMA75 | SMA75下向き | Drop>15% | 押し目安値+5%外,2,True,False,False,False,True,False,True,False,False,False,2026-07-22,4835.0,2026-08-03,3714.0,2026-10-08,4065.0,4184.0,18.94,15.93,9.45,4084.4,4318.6,4431.65,False,False,
4043.T,トクヤマ,30,False,,0,,SMA25<=SMA75,SMA25<=SMA75 | SMA75下向き | 反発未確認かつ押し目安値+2%外 | 前日終値超えなし,4,True,False,False,True,True,True,True,False,False,False,2026-09-25,4269.0,2026-09-29,3984.0,2026-10-08,4065.0,4184.0,5.02,4.78,2.03,4084.4,4318.6,4431.65,False,True,
4061.T,電化,60,False,,0,,SMA25<=SMA75,SMA25<=SMA75 | SMA75下向き | Drop>15% | 反発未確認かつ押し目安値+2%外 | 前日終値超えなし,3,True,False,False,False,True,True,True,False,False,False,2026-07-15,4113.0,2026-09-14,3166.0,2026-10-08,3238.0,3337.0,27.02,21.27,2.27,3284.76,3612.84,3719.43,False,True,
4061.T,電化,30,False,,0,,SMA25<=SMA75,SMA25<=SMA75 | SMA75下向き | 反発未確認かつ押し目安値+2%外 | 前日終値超えなし,4,True,False,False,True,True,True,True,False,False,False,2026-08-25,3463.0,2026-09-14,3166.0,2026-10-08,3238.0,3337.0,6.95,6.5,2.27,3284.76,3612.84,3719.43,False,True,
4063.T,信越化,60,False,,0,,SMA25<=SMA75,SMA25<=SMA75 | SMA75下向き | Drop>15% | 押し目安値+5%外,2,False,False,False,False,True,False,True,False,False,True,2026-07-15,7690.0,2026-09-14,5628.0,2026-10-08,6121.0,6234.0,25.63,20.4,8.76,5893.68,6377.16,6530.07,False,False,
4063.T,信越化,30,False,,0,,SMA25<=SMA75,SMA25<=SMA75 | SMA75下向き | 押し目日が最新日 | 前日終値超えなし,3,False,False,False,True,True,True,False,False,True,True,2026-10-06,6341.0,2026-10-08,6112.0,2026-10-08,6121.0,6234.0,3.59,3.47,0.15,5893.68,6377.16,6530.07,True,True,
4183.T,三井化学,60,False,,0,,反発未確認かつ押し目安値+2%外,反発未確認かつ押し目安値+2%外 | 前日終値超えなし,6,True,True,True,True,True,True,True,False,False,False,2026-09-02,2341.5,2026-09-29,2025.0,2026-10-08,2116.5,2163.5,10.63,9.61,4.52,2162.64,2155.59,2150.49,False,True,
4183.T,三井化学,30,False,,0,,反発未確認かつ押し目安値+2%外,反発未確認かつ押し目安値+2%外 | 前日終値超えなし,6,True,True,True,True,True,True,True,False,False,False,2026-09-02,2341.5,2026-09-29,2025.0,2026-10-08,2116.5,2163.5,10.63,9.61,4.52,2162.64,2155.59,2150.49,False,True,
4188.T,三菱ケミHD,60,False,,0,,反発未確認かつ押し目安値+2%外,反発未確認かつ押し目安値+2%外 | 前日終値超えなし,6,True,True,True,True,True,True,True,False,False,False,2026-09-03,1305.0,2026-09-29,1123.5,2026-10-08,1156.5,1179.0,12.84,11.38,2.94,1186.42,1172.0,1160.31,False,True,
4188.T,三菱ケミHD,30,False,,0,,反発未確認かつ押し目安値+2%外,反発未確認かつ押し目安値+2%外 | 前日終値超えなし,6,True,True,True,True,True,True,True,False,False,False,2026-09-03,1305.0,2026-09-29,1123.5,2026-10-08,1156.5,1179.0,12.84,11.38,2.94,1186.42,1172.0,1160.31,False,True,
4208.T,UBE,60,True,YELLOW,1,🟡押し目接近,,,6,True,True,True,True,True,True,True,False,True,False,2026-08-13,3713.0,2026-09-29,3302.0,2026-10-08,3339.0,3409.0,11.2,10.07,1.12,3428.2,3355.15,3314.22,True,True,
4208.T,UBE,30,True,YELLOW,1,🟡押し目接近,,,6,True,True,True,True,True,True,True,False,True,False,2026-09-01,3620.0,2026-09-29,3302.0,2026-10-08,3339.0,3409.0,8.42,7.76,1.12,3428.2,3355.15,3314.22,True,True,
4452.T,花王,60,True,GREEN,2,🟢反発確認,,,7,False,True,True,True,True,True,True,True,False,True,2026-08-10,3782.0,2026-09-11,3360.0,2026-10-08,3522.0,3511.0,7.38,6.87,4.82,3482.88,3400.01,3337.86,False,True,
4452.T,花王,30,True,GREEN,2,🟢反発確認,,,7,False,True,True,True,True,True,True,True,False,True,2026-08-27,3699.0,2026-09-11,3360.0,2026-10-08,3522.0,3511.0,5.03,4.79,4.82,3482.88,3400.01,3337.86,False,True,
4901.T,富士フイルム,60,False,,0,,SMA25<=SMA75,SMA25<=SMA75 | SMA75下向き | 押し目安値+5%外,3,True,False,False,True,True,False,True,False,False,False,2026-08-06,3908.0,2026-08-19,3114.0,2026-10-08,3416.0,3429.0,14.4,12.59,9.7,3328.32,3440.97,3449.41,False,False,
4901.T,富士フイルム,30,False,,0,,SMA25<=SMA75,SMA25<=SMA75 | SMA75下向き | Return<3% | 押し目安値+5%外,2,True,False,False,True,False,False,True,False,False,False,2026-09-01,3463.0,2026-09-09,3162.0,2026-10-08,3416.0,3429.0,1.38,1.36,8.03,3328.32,3440.97,3449.41,False,False,
4911.T,資生堂,60,False,,0,,Drop>15%,Drop>15% | 前日終値超えなし,5,True,True,True,False,True,True,True,False,True,False,2026-08-27,3821.0,2026-10-07,3190.0,2026-10-08,3244.0,3263.0,17.79,15.1,1.69,3415.2,3233.21,3128.95,True,True,
4911.T,資生堂,30,False,,0,,Drop>15%,Drop>15% | 前日終値超えなし,5,True,True,True,False,True,True,True,False,True,False,2026-08-27,3821.0,2026-10-07,3190.0,2026-10-08,3244.0,3263.0,17.79,15.1,1.69,3415.2,3233.21,3128.95,True,True,
6988.T,日東電工,60,True,YELLOW,1,🟡押し目接近,,,5,True,True,True,True,True,True,False,False,True,False,2026-10-06,3633.0,2026-10-08,3511.0,2026-10-08,3526.0,3548.0,3.03,2.95,0.43,3418.0,3364.47,3300.08,True,True,
6988.T,日東電工,30,True,YELLOW,1,🟡押し目接近,,,5,True,True,True,True,True,True,False,False,True,False,2026-10-06,3633.0,2026-10-08,3511.0,2026-10-08,3526.0,3548.0,3.03,2.95,0.43,3418.0,3364.47,3300.08,True,True,
5019.T,,60,False,,0,,反発未確認かつ押し目安値+2%外,反発未確認かつ押し目安値+2%外 | 押し目日が最新日 | 前日終値超えなし,5,True,True,True,True,True,True,False,False,False,False,2026-09-10,1708.5,2026-10-08,1459.5,2026-10-08,1496.5,1538.0,14.17,12.41,2.54,1579.02,1384.17,1351.12,False,True,
5019.T,,30,False,,0,,反発未確認かつ押し目安値+2%外,反発未確認かつ押し目安値+2%外 | 押し目日が最新日 | 前日終値超えなし,5,True,True,True,True,True,True,False,False,False,False,2026-09-10,1708.5,2026-10-08,1459.5,2026-10-08,1496.5,1538.0,14.17,12.41,2.54,1579.02,1384.17,1351.12,False,True,
5020.T,ENEOS,60,False,,0,,反発未確認かつ押し目安値+2%外,反発未確認かつ押し目安値+2%外 | 押し目日が最新日 | 前日終値超えなし,5,True,True,True,True,True,True,False,False,False,False,2026-09-10,1496.0,2026-10-08,1318.0,2026-10-08,1356.5,1371.5,10.28,9.32,2.92,1400.8,1319.94,1300.9,False,True,
5020.T,ENEOS,30,False,,0,,反発未確認かつ押し目安値+2%外,反発未確認かつ押し目安値+2%外 | 押し目日が最新日 | 前日終値超えなし,5,True,True,True,True,True,True,False,False,False,False,2026-09-10,1496.0,2026-10-08,1318.0,2026-10-08,1356.5,1371.5,10.28,9.32,2.92,1400.8,1319.94,1300.9,False,True,
5101.T,横浜ゴム,60,False,,0,,SMA25<=SMA75,SMA25<=SMA75 | SMA75下向き | 押し目安値+5%外,3,False,False,False,True,True,False,True,False,False,True,2026-08-12,8291.0,2026-09-11,6558.0,2026-10-08,7284.0,7348.0,13.82,12.15,11.07,6989.64,7383.07,7406.95,False,False,
5101.T,横浜ゴム,30,False,,0,,SMA25<=SMA75,SMA25<=SMA75 | SMA75下向き | 押し目安値+5%外,3,False,False,False,True,True,False,True,False,False,True,2026-08-25,7644.0,2026-09-11,6558.0,2026-10-08,7284.0,7348.0,4.94,4.71,11.07,6989.64,7383.07,7406.95,False,False,
5108.T,ブリヂストン,60,True,GREEN,2,🟢反発確認,,,7,False,True,True,True,True,True,True,True,False,True,2026-08-10,4393.0,2026-09-16,3698.0,2026-10-08,3882.0,3831.0,13.16,11.63,4.98,3846.92,3827.36,3774.6,False,True,
5108.T,ブリヂストン,30,True,GREEN,2,🟢反発確認,,,7,False,True,True,True,True,True,True,True,False,True,2026-09-01,4189.0,2026-09-16,3698.0,2026-10-08,3882.0,3831.0,7.91,7.33,4.98,3846.92,3827.36,3774.6,False,True,
5201.T,AGC,60,False,,0,,SMA25<=SMA75,SMA25<=SMA75 | SMA75下向き | 押し目安値+5%外,3,False,False,False,True,True,False,True,False,False,True,2026-07-10,6561.0,2026-09-11,5390.0,2026-10-08,5805.0,5946.0,13.02,11.52,7.7,5681.84,6092.49,6291.64,False,False,
5201.T,AGC,30,False,,0,,SMA25<=SMA75,SMA25<=SMA75 | SMA75下向き | 押し目安値+5%外,2,False,False,False,True,True,False,False,False,False,True,2026-10-07,5984.0,2026-10-08,5805.0,2026-10-08,5805.0,5946.0,3.08,2.99,0.0,5681.84,6092.49,6291.64,False,False,
5214.T,日電硝,60,False,,0,,SMA25<=SMA75,SMA25<=SMA75 | SMA75下向き | 押し目安値+5%外,3,False,False,False,True,True,False,True,False,False,True,2026-07-10,6050.0,2026-08-03,4323.0,2026-10-08,5219.0,5328.0,15.92,13.74,20.73,4897.12,5335.21,5493.12,False,False,
5214.T,日電硝,30,False,,0,,SMA25<=SMA75,SMA25<=SMA75 | SMA75下向き | Return<3% | 押し目日が最新日 | 前日終値超えなし,2,False,False,False,True,False,True,False,False,True,True,2026-10-07,5361.0,2026-10-08,5214.0,2026-10-08,5219.0,5328.0,2.72,2.65,0.1,4897.12,5335.21,5493.12,True,True,
5233.T,太平洋セメ,60,False,,0,,SMA75下向き,SMA75下向き | 反発未確認かつ押し目安値+2%外 | 前日終値超えなし,5,True,True,False,True,True,True,True,False,False,False,2026-08-06,4380.0,2026-09-11,3979.0,2026-10-08,4113.0,4205.0,6.49,6.1,3.37,4144.92,4123.6,4143.75,False,True,
5233.T,太平洋セメ,30,False,,0,,SMA75下向き,SMA75下向き | 反発未確認かつ押し目安値+2%外 | 前日終値超えなし,5,True,True,False,True,True,True,True,False,False,False,2026-09-01,4318.0,2026-09-11,3979.0,2026-10-08,4113.0,4205.0,4.98,4.75,3.37,4144.92,4123.6,4143.75,False,True,
5301.T,東海カーボン,60,True,YELLOW,1,🟡押し目接近,,,5,False,True,True,True,True,True,False,False,True,True,2026-10-07,2423.0,2026-10-08,2285.5,2026-10-08,2297.5,2376.0,5.46,5.18,0.53,2109.44,1828.03,1759.07,True,True,
5301.T,東海カーボン,30,True,YELLOW,1,🟡押し目接近,,,5,False,True,True,True,True,True,False,False,True,True,2026-10-07,2423.0,2026-10-08,2285.5,2026-10-08,2297.5,2376.0,5.46,5.18,0.53,2109.44,1828.03,1759.07,True,True,
5332.T,TOTO,60,False,,0,,SMA25<=SMA75,SMA25<=SMA75 | SMA75下向き | Drop>15% | 押し目安値+5%外,2,False,False,False,False,True,False,True,False,False,True,2026-07-10,8213.0,2026-09-14,5582.0,2026-10-08,6053.0,6251.0,35.68,26.3,8.44,5914.6,6894.65,7139.75,False,False,
5332.T,TOTO,30,False,,0,,SMA25<=SMA75,SMA25<=SMA75 | SMA75下向き | 押し目安値+5%外,3,False,False,False,True,True,False,True,False,False,True,2026-08-27,6577.0,2026-09-14,5582.0,2026-10-08,6053.0,6251.0,8.66,7.97,8.44,5914.6,6894.65,7139.75,False,False,
5333.T,日本ガイシ,60,False,,0,,SMA25<=SMA75,SMA25<=SMA75 | SMA75下向き | Drop>15% | 押し目安値+5%外,2,False,False,False,False,True,False,True,False,False,True,2026-07-10,7259.0,2026-09-11,4824.0,2026-10-08,5610.0,5901.0,29.39,22.72,16.29,5342.48,5989.31,6101.52,False,False,
5333.T,日本ガイシ,30,False,,0,,SMA25<=SMA75,SMA25<=SMA75 | SMA75下向き | 押し目安値+5%外,2,False,False,False,True,True,False,False,False,False,True,2026-10-07,6013.0,2026-10-08,5610.0,2026-10-08,5610.0,5901.0,7.18,6.7,0.0,5342.48,5989.31,6101.52,False,False,
5401.T,日本製鉄,60,True,YELLOW,1,🟡押し目接近,,,5,True,True,True,True,True,True,False,False,True,False,2026-09-03,718.5,2026-10-08,627.6,2026-10-08,631.3,641.2,13.81,12.14,0.59,674.79,636.08,622.6,True,True,
5401.T,日本製鉄,30,True,YELLOW,1,🟡押し目接近,,,5,True,True,True,True,True,True,False,False,True,False,2026-09-03,718.5,2026-10-08,627.6,2026-10-08,631.3,641.2,13.81,12.14,0.59,674.79,636.08,622.6,True,True,
5406.T,神戸製鋼,60,False,,0,,反発未確認かつ押し目安値+2%外,反発未確認かつ押し目安値+2%外 | 前日終値超えなし,6,True,True,True,True,True,True,True,False,False,False,2026-07-31,2098.5,2026-08-05,1919.5,2026-10-08,1976.0,2007.0,6.2,5.84,2.94,2034.74,1990.38,1980.13,False,True,
5406.T,神戸製鋼,30,True,YELLOW,1,🟡押し目接近,,,5,True,True,True,True,True,True,False,False,True,False,2026-09-28,2095.0,2026-10-08,1965.5,2026-10-08,1976.0,2007.0,6.02,5.68,0.53,2034.74,1990.38,1980.13,True,True,
5411.T,JFEHD,60,True,YELLOW,1,🟡押し目接近,,,5,True,True,True,True,True,True,False,False,True,False,2026-09-01,1937.0,2026-10-08,1668.0,2026-10-08,1676.5,1705.0,15.54,13.45,0.51,1810.2,1756.52,1738.91,True,True,
5411.T,JFEHD,30,True,YELLOW,1,🟡押し目接近,,,5,True,True,True,True,True,True,False,False,True,False,2026-09-01,1937.0,2026-10-08,1668.0,2026-10-08,1676.5,1705.0,15.54,13.45,0.51,1810.2,1756.52,1738.91,True,True,
3436.T,SUMCO,60,False,,0,,SMA25<=SMA75,SMA25<=SMA75 | SMA75下向き | Drop>15% | 押し目安値+5%外,2,False,False,False,False,True,False,True,False,False,True,2026-07-13,5939.0,2026-09-15,2754.0,2026-10-08,3473.0,3684.0,71.0,41.52,26.11,3207.58,3690.98,3746.66,False,False,
3436.T,SUMCO,30,False,,0,,SMA25<=SMA75,SMA25<=SMA75 | SMA75下向き | 押し目安値+5%外,2,False,False,False,True,True,False,False,False,False,True,2026-10-07,3784.0,2026-10-08,3473.0,2026-10-08,3473.0,3684.0,8.95,8.22,0.0,3207.58,3690.98,3746.66,False,False,
5706.T,三井金属,60,False,,0,,SMA25<=SMA75,SMA25<=SMA75 | SMA75下向き | Drop>15% | 押し目安値+5%外,2,False,False,False,False,True,False,True,False,False,True,2026-07-10,3764.0,2026-09-17,2121.0,2026-10-08,2715.0,2777.5,38.64,27.87,28.01,2469.5,3094.89,3337.05,False,False,
5706.T,三井金属,30,False,,0,,SMA25<=SMA75,SMA25<=SMA75 | SMA75下向き | 押し目安値+5%外,3,False,False,False,True,True,False,True,False,False,True,2026-08-27,2953.5,2026-09-17,2121.0,2026-10-08,2715.0,2777.5,8.78,8.08,28.01,2469.5,3094.89,3337.05,False,False,
5711.T,三菱マテ,60,False,,0,,Drop>15%,Drop>15% | 押し目日が最新日 | 前日終値超えなし,4,True,True,True,False,True,True,False,False,True,False,2026-08-28,6139.0,2026-10-08,4786.0,2026-10-08,4795.0,5028.0,28.03,21.89,0.19,5147.84,4828.64,4787.09,True,True,
5711.T,三菱マテ,30,False,,0,,Drop>15%,Drop>15% | 押し目日が最新日 | 前日終値超えなし,4,True,True,True,False,True,True,False,False,True,False,2026-08-28,6139.0,2026-10-08,4786.0,2026-10-08,4795.0,5028.0,28.03,21.89,0.19,5147.84,4828.64,4787.09,True,True,
5713.T,住友金属鉱山,60,False,,0,,Drop>15%,Drop>15% | 押し目日が最新日 | 前日終値超えなし,4,True,True,True,False,True,True,False,False,True,False,2026-08-26,11850.0,2026-10-08,9147.0,2026-10-08,9263.0,9643.0,27.93,21.83,1.27,9796.04,8986.28,8834.88,True,True,
5713.T,住友金属鉱山,30,False,,0,,Drop>15%,Drop>15% | 押し目日が最新日 | 前日終値超えなし,4,True,True,True,False,True,True,False,False,True,False,2026-08-26,11850.0,2026-10-08,9147.0,2026-10-08,9263.0,9643.0,27.93,21.83,1.27,9796.04,8986.28,8834.88,True,True,
5714.T,DOWA,60,False,,0,,SMA75下向き,SMA75下向き | Drop>15% | 押し目日が最新日 | 前日終値超えなし,3,True,True,False,False,True,True,False,False,True,False,2026-08-26,10660.0,2026-10-08,8385.0,2026-10-08,8405.0,8673.0,26.83,21.15,0.24,9032.44,8980.39,9073.71,True,True,
5714.T,DOWA,30,False,,0,,SMA75下向き,SMA75下向き | Drop>15% | 押し目日が最新日 | 前日終値超えなし,3,True,True,False,False,True,True,False,False,True,False,2026-08-26,10660.0,2026-10-08,8385.0,2026-10-08,8405.0,8673.0,26.83,21.15,0.24,9032.44,8980.39,9073.71,True,True,
5801.T,古河電工,60,False,,0,,SMA75下向き,SMA75下向き | 押し目日が最新日 | 前日終値超えなし,4,False,True,False,True,True,True,False,False,True,True,2026-10-07,4881.0,2026-10-08,4183.0,2026-10-08,4220.0,4444.0,15.66,13.54,0.88,3951.16,3918.31,3966.8,True,True,
5801.T,古河電工,30,False,,0,,SMA75下向き,SMA75下向き | 押し目日が最新日 | 前日終値超えなし,4,False,True,False,True,True,True,False,False,True,True,2026-10-07,4881.0,2026-10-08,4183.0,2026-10-08,4220.0,4444.0,15.66,13.54,0.88,3951.16,3918.31,3966.8,True,True,
5802.T,住友電工,60,False,,0,,SMA25<=SMA75,SMA25<=SMA75 | SMA75下向き | 押し目安値+5%外,3,False,False,False,True,True,False,True,False,False,True,2026-07-10,2624.0,2026-09-15,1961.0,2026-10-08,2398.0,2482.0,9.42,8.61,22.28,2209.56,2375.66,2452.23,False,False,
5802.T,住友電工,30,False,,0,,SMA25<=SMA75,SMA25<=SMA75 | SMA75下向き | 押し目日が最新日 | 前日終値超えなし,3,False,False,False,True,True,True,False,False,True,True,2026-10-07,2587.0,2026-10-08,2377.0,2026-10-08,2398.0,2482.0,7.88,7.31,0.88,2209.56,2375.66,2452.23,True,True,
5803.T,フジクラ,60,False,,0,,SMA25<=SMA75,SMA25<=SMA75 | 押し目安値+5%外,4,False,False,True,True,True,False,True,False,False,True,2026-08-18,6433.0,2026-09-15,4665.0,2026-10-08,5512.0,5700.0,16.71,14.32,18.16,5169.76,5191.83,5069.37,False,False,
5803.T,フジクラ,30,False,,0,,SMA25<=SMA75,SMA25<=SMA75 | 押し目日が最新日 | 前日終値超えなし,4,False,False,True,True,True,True,False,False,True,True,2026-10-07,6012.0,2026-10-08,5490.0,2026-10-08,5512.0,5700.0,9.07,8.32,0.4,5169.76,5191.83,5069.37,True,True,
2768.T,双日,60,True,YELLOW,1,🟡押し目接近,,,5,True,True,True,True,True,True,False,False,True,False,2026-09-18,5949.0,2026-10-08,5283.0,2026-10-08,5342.0,5452.0,11.36,10.2,1.12,5698.0,5483.24,5431.84,True,True,
2768.T,双日,30,True,YELLOW,1,🟡押し目接近,,,5,True,True,True,True,True,True,False,False,True,False,2026-09-18,5949.0,2026-10-08,5283.0,2026-10-08,5342.0,5452.0,11.36,10.2,1.12,5698.0,5483.24,5431.84,True,True,
8001.T,伊藤忠,60,True,YELLOW,1,🟡押し目接近,,,5,True,True,True,True,True,True,False,False,True,False,2026-09-17,2399.0,2026-10-08,2100.0,2026-10-08,2138.5,2161.5,12.18,10.86,1.83,2235.24,2056.65,2013.46,True,True,
8001.T,伊藤忠,30,True,YELLOW,1,🟡押し目接近,,,5,True,True,True,True,True,True,False,False,True,False,2026-09-17,2399.0,2026-10-08,2100.0,2026-10-08,2138.5,2161.5,12.18,10.86,1.83,2235.24,2056.65,2013.46,True,True,
8002.T,丸紅,60,False,,0,,SMA25<=SMA75,SMA25<=SMA75 | SMA75下向き | 押し目日が最新日 | 前日終値超えなし,3,True,False,False,True,True,True,False,False,True,False,2026-07-27,5479.0,2026-10-08,4623.0,2026-10-08,4710.0,4787.0,16.33,14.04,1.88,4952.2,4964.23,4979.69,True,True,
8002.T,丸紅,30,False,,0,,SMA25<=SMA75,SMA25<=SMA75 | SMA75下向き | 押し目日が最新日 | 前日終値超えなし,3,True,False,False,True,True,True,False,False,True,False,2026-09-03,5261.0,2026-10-08,4623.0,2026-10-08,4710.0,4787.0,11.7,10.47,1.88,4952.2,4964.23,4979.69,True,True,
8015.T,豊田通商,60,False,,0,,反発未確認かつ押し目安値+2%外,反発未確認かつ押し目安値+2%外 | 前日終値超えなし,6,True,True,True,True,True,True,True,False,False,False,2026-09-07,7798.0,2026-09-29,7021.0,2026-10-08,7209.0,7408.0,8.17,7.55,2.68,7436.44,6919.68,6776.76,False,True,
8015.T,豊田通商,30,False,,0,,反発未確認かつ押し目安値+2%外,反発未確認かつ押し目安値+2%外 | 前日終値超えなし,6,True,True,True,True,True,True,True,False,False,False,2026-09-07,7798.0,2026-09-29,7021.0,2026-10-08,7209.0,7408.0,8.17,7.55,2.68,7436.44,6919.68,6776.76,False,True,
8031.T,三井物産,60,True,YELLOW,1,🟡押し目接近,,,5,True,True,True,True,True,True,False,False,True,False,2026-09-03,5333.0,2026-10-08,4672.0,2026-10-08,4764.0,4907.0,11.94,10.67,1.97,5045.68,4864.28,4854.23,True,True,
8031.T,三井物産,30,True,YELLOW,1,🟡押し目接近,,,5,True,True,True,True,True,True,False,False,True,False,2026-09-03,5333.0,2026-10-08,4672.0,2026-10-08,4764.0,4907.0,11.94,10.67,1.97,5045.68,4864.28,4854.23,True,True,
8053.T,住友商事,60,False,,0,,反発未確認かつ押し目安値+2%外,反発未確認かつ押し目安値+2%外 | 押し目日が最新日 | 前日終値超えなし,5,True,True,True,True,True,True,False,False,False,False,2026-09-08,1891.0,2026-10-08,1666.0,2026-10-08,1699.5,1717.0,11.27,10.13,2.01,1789.12,1694.78,1678.39,False,True,
8053.T,住友商事,30,False,,0,,反発未確認かつ押し目安値+2%外,反発未確認かつ押し目安値+2%外 | 押し目日が最新日 | 前日終値超えなし,5,True,True,True,True,True,True,False,False,False,False,2026-09-08,1891.0,2026-10-08,1666.0,2026-10-08,1699.5,1717.0,11.27,10.13,2.01,1789.12,1694.78,1678.39,False,True,
8058.T,三菱商事,60,True,YELLOW,1,🟡押し目接近,,,5,True,True,True,True,True,True,False,False,True,False,2026-09-03,5123.0,2026-10-08,4513.0,2026-10-08,4590.0,4676.0,11.61,10.4,1.71,4859.72,4719.99,4716.2,True,True,
8058.T,三菱商事,30,True,YELLOW,1,🟡押し目接近,,,5,True,True,True,True,True,True,False,False,True,False,2026-09-03,5123.0,2026-10-08,4513.0,2026-10-08,4590.0,4676.0,11.61,10.4,1.71,4859.72,4719.99,4716.2,True,True,
1721.T,,60,False,,0,,反発未確認かつ押し目安値+2%外,反発未確認かつ押し目安値+2%外 | 前日終値超えなし,6,True,True,True,True,True,True,True,False,False,False,2026-09-18,5868.0,2026-09-29,5370.0,2026-10-08,5539.0,5637.0,5.94,5.61,3.15,5499.64,5387.97,5370.99,False,True,
1721.T,,30,False,,0,,反発未確認かつ押し目安値+2%外,反発未確認かつ押し目安値+2%外 | 前日終値超えなし,6,True,True,True,True,True,True,True,False,False,False,2026-09-18,5868.0,2026-09-29,5370.0,2026-10-08,5539.0,5637.0,5.94,5.61,3.15,5499.64,5387.97,5370.99,False,True,
1801.T,大成建,60,False,,0,,SMA25<=SMA75,SMA25<=SMA75 | SMA75下向き | Drop>15% | 押し目日が最新日 | 前日終値超えなし,2,True,False,False,False,True,True,False,False,True,False,2026-07-10,14360.0,2026-10-08,11680.0,2026-10-08,11775.0,12110.0,21.95,18.0,0.81,12480.8,13162.0,13401.93,True,True,
1801.T,大成建,30,False,,0,,SMA25<=SMA75,SMA25<=SMA75 | SMA75下向き | 押し目日が最新日 | 前日終値超えなし,3,True,False,False,True,True,True,False,False,True,False,2026-09-09,13390.0,2026-10-08,11680.0,2026-10-08,11775.0,12110.0,13.72,12.06,0.81,12480.8,13162.0,13401.93,True,True,
1802.T,清水建,60,False,,0,,SMA25<=SMA75,SMA25<=SMA75 | SMA75下向き | 押し目日が最新日 | 前日終値超えなし,3,True,False,False,True,True,True,False,False,True,False,2026-07-29,3343.0,2026-10-08,2841.5,2026-10-08,2848.0,2929.0,17.38,14.81,0.23,3018.88,3111.66,3135.66,True,True,
1802.T,清水建,30,False,,0,,SMA25<=SMA75,SMA25<=SMA75 | SMA75下向き | 押し目日が最新日 | 前日終値超えなし,3,True,False,False,True,True,True,False,False,True,False,2026-09-18,3144.0,2026-10-08,2841.5,2026-10-08,2848.0,2929.0,10.39,9.41,0.23,3018.88,3111.66,3135.66,True,True,
1803.T,飛島建,60,False,,0,,SMA25<=SMA75,SMA25<=SMA75 | SMA75下向き | Drop>15% | 押し目日が最新日 | 前日終値超えなし,2,True,False,False,False,True,True,False,False,True,False,2026-09-09,2538.0,2026-10-08,2025.0,2026-10-08,2038.5,2087.5,24.5,19.68,0.67,2285.62,2398.24,2452.03,True,True,
1803.T,飛島建,30,False,,0,,SMA25<=SMA75,SMA25<=SMA75 | SMA75下向き | Drop>15% | 押し目日が最新日 | 前日終値超えなし,2,True,False,False,False,True,True,False,False,True,False,2026-09-09,2538.0,2026-10-08,2025.0,2026-10-08,2038.5,2087.5,24.5,19.68,0.67,2285.62,2398.24,2452.03,True,True,
1808.T,長谷工,60,False,,0,,SMA25<=SMA75,SMA25<=SMA75 | SMA75下向き | 押し目日が最新日 | 前日終値超えなし,3,True,False,False,True,True,True,False,False,True,False,2026-09-01,2963.0,2026-10-08,2517.0,2026-10-08,2550.0,2573.0,16.2,13.94,1.31,2727.36,2775.32,2784.71,True,True,
1808.T,長谷工,30,False,,0,,SMA25<=SMA75,SMA25<=SMA75 | SMA75下向き | 押し目日が最新日 | 前日終値超えなし,3,True,False,False,True,True,True,False,False,True,False,2026-09-01,2963.0,2026-10-08,2517.0,2026-10-08,2550.0,2573.0,16.2,13.94,1.31,2727.36,2775.32,2784.71,True,True,
1812.T,鹿島,60,False,,0,,SMA25<=SMA75,SMA25<=SMA75 | SMA75下向き | Drop>15% | 前日終値超えなし,3,True,False,False,False,True,True,True,False,True,False,2026-07-10,5880.0,2026-08-19,4670.0,2026-10-08,4757.0,4822.0,23.61,19.1,1.86,4932.92,5256.71,5367.09,True,True,
1812.T,鹿島,30,False,,0,,SMA25<=SMA75,SMA25<=SMA75 | SMA75下向き | 押し目日が最新日 | 前日終値超えなし,3,True,False,False,True,True,True,False,False,True,False,2026-09-09,5232.0,2026-10-08,4697.0,2026-10-08,4757.0,4822.0,9.99,9.08,1.28,4932.92,5256.71,5367.09,True,True,
1925.T,大和ハウス,60,False,,0,,SMA25<=SMA75,SMA25<=SMA75 | 押し目日が最新日,5,True,False,True,True,True,True,False,True,True,False,2026-07-29,2464.5,2026-10-08,2126.0,2026-10-08,2166.0,2153.0,13.78,12.11,1.88,2265.36,2279.85,2275.95,True,True,
1925.T,大和ハウス,30,False,,0,,SMA25<=SMA75,SMA25<=SMA75 | 押し目日が最新日,5,True,False,True,True,True,True,False,True,True,False,2026-09-04,2399.5,2026-10-08,2126.0,2026-10-08,2166.0,2153.0,10.78,9.73,1.88,2265.36,2279.85,2275.95,True,True,
1928.T,積水ハウス,60,False,,0,,SMA25<=SMA75,SMA25<=SMA75,6,True,False,True,True,True,True,True,True,True,False,2026-07-29,3767.0,2026-09-10,3276.0,2026-10-08,3334.0,3319.0,12.99,11.49,1.77,3356.08,3416.29,3407.52,True,True,
1928.T,積水ハウス,30,False,,0,,SMA25<=SMA75,SMA25<=SMA75,6,True,False,True,True,True,True,True,True,True,False,2026-08-25,3528.0,2026-09-10,3276.0,2026-10-08,3334.0,3319.0,5.82,5.5,1.77,3356.08,3416.29,3407.52,True,True,
1963.T,日揮HD,60,False,,0,,SMA25<=SMA75,SMA25<=SMA75 | SMA75下向き | 押し目日が最新日 | 前日終値超えなし,3,True,False,False,True,True,True,False,False,True,False,2026-09-09,2463.5,2026-10-08,2133.0,2026-10-08,2140.0,2238.5,15.12,13.13,0.33,2310.48,2342.58,2392.75,True,True,
1963.T,日揮HD,30,False,,0,,SMA25<=SMA75,SMA25<=SMA75 | SMA75下向き | 押し目日が最新日 | 前日終値超えなし,3,True,False,False,True,True,True,False,False,True,False,2026-09-09,2463.5,2026-10-08,2133.0,2026-10-08,2140.0,2238.5,15.12,13.13,0.33,2310.48,2342.58,2392.75,True,True,
5631.T,,60,False,,0,,SMA25<=SMA75,SMA25<=SMA75 | SMA75下向き | Drop>15% | 反発未確認かつ押し目安値+2%外 | 前日終値超えなし,3,True,False,False,False,True,True,True,False,False,False,2026-08-18,8477.0,2026-09-11,6695.0,2026-10-08,6920.0,7274.0,22.5,18.37,3.36,7230.12,7584.61,7638.92,False,True,
5631.T,,30,False,,0,,SMA25<=SMA75,SMA25<=SMA75 | SMA75下向き | 反発未確認かつ押し目安値+2%外 | 前日終値超えなし,4,True,False,False,True,True,True,True,False,False,False,2026-08-28,7884.0,2026-09-11,6695.0,2026-10-08,6920.0,7274.0,13.93,12.23,3.36,7230.12,7584.61,7638.92,False,True,
6103.T,,60,False,,0,,SMA25<=SMA75,SMA25<=SMA75 | Drop>15% | 押し目安値+5%外,3,False,False,True,False,True,False,True,False,False,True,2026-08-10,5710.0,2026-09-11,4155.0,2026-10-08,4700.0,4925.0,21.49,17.69,13.12,4609.4,4829.13,4750.33,False,False,
6103.T,,30,False,,0,,SMA25<=SMA75,SMA25<=SMA75 | 押し目安値+5%外,4,False,False,True,True,True,False,True,False,False,True,2026-08-27,5010.0,2026-09-11,4155.0,2026-10-08,4700.0,4925.0,6.6,6.19,13.12,4609.4,4829.13,4750.33,False,False,
6113.T,,60,False,,0,,SMA25<=SMA75,SMA25<=SMA75 | SMA75下向き | Drop>15% | 押し目安値+5%外,2,False,False,False,False,True,False,True,False,False,True,2026-07-10,3087.0,2026-09-14,2254.0,2026-10-08,2580.5,2648.5,19.63,16.41,14.49,2495.4,2725.88,2775.63,False,False,
6113.T,,30,False,,0,,SMA25<=SMA75,SMA25<=SMA75 | SMA75下向き | 押し目日が最新日 | 前日終値超えなし,3,False,False,False,True,True,True,False,False,True,True,2026-10-07,2708.5,2026-10-08,2568.5,2026-10-08,2580.5,2648.5,4.96,4.73,0.47,2495.4,2725.88,2775.63,True,True,
6273.T,SMC,60,False,,0,,SMA25<=SMA75,SMA25<=SMA75 | 押し目安値+5%外,4,False,False,True,True,True,False,True,False,False,True,2026-08-07,82580.0,2026-09-11,64650.0,2026-10-08,71780.0,73860.0,15.05,13.08,11.03,69513.6,71520.27,70689.6,False,False,
6273.T,SMC,30,False,,0,,SMA25<=SMA75,SMA25<=SMA75 | 押し目日が最新日 | 前日終値超えなし,4,False,False,True,True,True,True,False,False,True,True,2026-10-07,76150.0,2026-10-08,71280.0,2026-10-08,71780.0,73860.0,6.09,5.74,0.7,69513.6,71520.27,70689.6,True,True,
6301.T,コマツ,60,True,YELLOW,1,🟡押し目接近,,,5,True,True,True,True,True,True,False,False,True,False,2026-10-05,7980.0,2026-10-08,7253.0,2026-10-08,7397.0,7829.0,7.88,7.31,1.99,7413.0,7023.92,6893.48,True,True,
6301.T,コマツ,30,True,YELLOW,1,🟡押し目接近,,,5,True,True,True,True,True,True,False,False,True,False,2026-10-05,7980.0,2026-10-08,7253.0,2026-10-08,7397.0,7829.0,7.88,7.31,1.99,7413.0,7023.92,6893.48,True,True,
6302.T,住友重機,60,False,,0,,押し目安値+5%外,押し目安値+5%外,4,True,True,True,True,True,False,False,False,False,False,2026-10-07,6390.0,2026-10-08,5893.0,2026-10-08,5893.0,6224.0,8.43,7.78,0.0,5869.8,5607.17,5483.36,False,False,
6302.T,住友重機,30,False,,0,,押し目安値+5%外,押し目安値+5%外,4,True,True,True,True,True,False,False,False,False,False,2026-10-07,6390.0,2026-10-08,5893.0,2026-10-08,5893.0,6224.0,8.43,7.78,0.0,5869.8,5607.17,5483.36,False,False,
6305.T,日立建機,60,True,YELLOW,1,🟡押し目接近,,,6,True,True,True,True,True,True,True,False,True,False,2026-09-07,6153.0,2026-09-11,5481.0,2026-10-08,5550.0,5793.0,10.86,9.8,1.26,5724.64,5540.89,5500.92,True,True,
6305.T,日立建機,30,True,YELLOW,1,🟡押し目接近,,,6,True,True,True,True,True,True,True,False,True,False,2026-09-07,6153.0,2026-09-11,5481.0,2026-10-08,5550.0,5793.0,10.86,9.8,1.26,5724.64,5540.89,5500.92,True,True,
6326.T,クボタ,60,False,,0,,SMA75下向き,SMA75下向き | 反発未確認かつ押し目安値+2%外 | 押し目日が最新日 | 前日終値超えなし,4,True,True,False,True,True,True,False,False,False,False,2026-09-03,3087.0,2026-10-08,2561.0,2026-10-08,2624.5,2775.0,17.62,14.98,2.48,2800.92,2762.02,2772.57,False,True,
6326.T,クボタ,30,False,,0,,SMA75下向き,SMA75下向き | 反発未確認かつ押し目安値+2%外 | 押し目日が最新日 | 前日終値超えなし,4,True,True,False,True,True,True,False,False,False,False,2026-09-03,3087.0,2026-10-08,2561.0,2026-10-08,2624.5,2775.0,17.62,14.98,2.48,2800.92,2762.02,2772.57,False,True,
6361.T,荏原,60,False,,0,,SMA25<=SMA75,SMA25<=SMA75 | SMA75下向き | Drop>15% | 押し目安値+5%外,2,False,False,False,False,True,False,True,False,False,True,2026-07-15,6288.0,2026-09-14,4083.0,2026-10-08,4718.0,4834.0,33.28,24.97,15.55,4504.08,5290.47,5430.76,False,False,
6361.T,荏原,30,False,,0,,SMA25<=SMA75,SMA25<=SMA75 | SMA75下向き | 押し目安値+5%外,3,False,False,False,True,True,False,True,False,False,True,2026-08-27,5047.0,2026-09-14,4083.0,2026-10-08,4718.0,4834.0,6.97,6.52,15.55,4504.08,5290.47,5430.76,False,False,
6367.T,ダイキン,60,False,,0,,SMA25<=SMA75,SMA25<=SMA75 | SMA75下向き | Drop>15% | 反発未確認かつ押し目安値+2%外 | 前日終値超えなし,3,False,False,False,False,True,True,True,False,False,True,2026-07-13,25630.0,2026-09-16,20210.0,2026-10-08,20990.0,21070.0,22.11,18.1,3.86,20753.6,22458.4,22802.13,False,True,
6367.T,ダイキン,30,False,,0,,SMA25<=SMA75,SMA25<=SMA75 | SMA75下向き | Return<3% | 反発未確認かつ押し目安値+2%外 | 前日終値超えなし,3,False,False,False,True,False,True,True,False,False,True,2026-08-26,21155.0,2026-09-16,20210.0,2026-10-08,20990.0,21070.0,0.79,0.78,3.86,20753.6,22458.4,22802.13,False,True,
6471.T,日精工,60,False,,0,,SMA25<=SMA75,SMA25<=SMA75 | SMA75下向き | 押し目安値+5%外,3,True,False,False,True,True,False,True,False,False,False,2026-07-31,1254.0,2026-09-11,1020.0,2026-10-08,1074.0,1117.0,16.76,14.35,5.29,1089.16,1128.33,1135.51,False,False,
6471.T,日精工,30,False,,0,,SMA25<=SMA75,SMA25<=SMA75 | SMA75下向き | 押し目安値+5%外,3,True,False,False,True,True,False,True,False,False,False,2026-09-01,1141.0,2026-09-11,1020.0,2026-10-08,1074.0,1117.0,6.24,5.87,5.29,1089.16,1128.33,1135.51,False,False,
6472.T,NTN,60,False,,0,,SMA25<=SMA75,SMA25<=SMA75 | SMA75下向き | 反発未確認かつ押し目安値+2%外 | 前日終値超えなし,4,True,False,False,True,True,True,True,False,False,False,2026-08-18,410.5,2026-09-11,358.0,2026-10-08,375.0,389.8,9.47,8.65,4.75,380.76,387.28,393.39,False,True,
6472.T,NTN,30,False,,0,,SMA25<=SMA75,SMA25<=SMA75 | SMA75下向き | 反発未確認かつ押し目安値+2%外 | 前日終値超えなし,4,True,False,False,True,True,True,True,False,False,False,2026-09-07,400.8,2026-09-11,358.0,2026-10-08,375.0,389.8,6.88,6.44,4.75,380.76,387.28,393.39,False,True,
6473.T,ジェイテクト,60,False,,0,,押し目安値+5%外,押し目安値+5%外,5,False,True,True,True,True,False,True,False,False,True,2026-07-31,2264.5,2026-09-11,1948.0,2026-10-08,2130.0,2206.0,6.31,5.94,9.34,2110.58,2095.92,2083.94,False,False,
6473.T,ジェイテクト,30,False,,0,,押し目安値+5%外,押し目安値+5%外,5,False,True,True,True,True,False,True,False,False,True,2026-09-07,2243.5,2026-09-11,1948.0,2026-10-08,2130.0,2206.0,5.33,5.06,9.34,2110.58,2095.92,2083.94,False,False,
7004.T,,60,False,,0,,SMA25<=SMA75,SMA25<=SMA75 | SMA75下向き | 押し目日が最新日 | 前日終値超えなし,3,True,False,False,True,True,True,False,False,True,False,2026-08-10,1284.0,2026-10-08,1102.0,2026-10-08,1112.0,1162.0,15.47,13.4,0.91,1162.96,1214.99,1240.32,True,True,
7004.T,,30,False,,0,,SMA25<=SMA75,SMA25<=SMA75 | SMA75下向き | 押し目日が最新日 | 前日終値超えなし,3,True,False,False,True,True,True,False,False,True,False,2026-09-07,1231.0,2026-10-08,1102.0,2026-10-08,1112.0,1162.0,10.7,9.67,0.91,1162.96,1214.99,1240.32,True,True,
7011.T,,60,False,,0,,SMA25<=SMA75,SMA25<=SMA75 | Drop>15% | 反発未確認かつ押し目安値+2%外 | 前日終値超えなし,4,True,False,True,False,True,True,True,False,False,False,2026-08-18,4439.0,2026-09-11,3581.0,2026-10-08,3680.0,3811.0,20.63,17.1,2.76,3800.8,3868.88,3852.99,False,True,
7011.T,,30,False,,0,,SMA25<=SMA75,SMA25<=SMA75 | 反発未確認かつ押し目安値+2%外 | 前日終値超えなし,5,True,False,True,True,True,True,True,False,False,False,2026-08-28,4071.0,2026-09-11,3581.0,2026-10-08,3680.0,3811.0,10.62,9.6,2.76,3800.8,3868.88,3852.99,False,True,
7013.T,,60,False,,0,,SMA25<=SMA75,SMA25<=SMA75 | Drop>15% | 前日終値超えなし,4,True,False,True,False,True,True,True,False,True,False,2026-08-18,3098.0,2026-09-04,2568.0,2026-10-08,2590.0,2691.0,19.61,16.4,0.86,2718.16,2769.95,2755.98,True,True,
7013.T,,30,False,,0,,SMA25<=SMA75,SMA25<=SMA75 | 押し目日が最新日 | 前日終値超えなし,4,True,False,True,True,True,True,False,False,True,False,2026-09-24,2950.5,2026-10-08,2589.0,2026-10-08,2590.0,2691.0,13.92,12.22,0.04,2718.16,2769.95,2755.98,True,True,
7012.T,,60,False,,0,,SMA25<=SMA75,SMA25<=SMA75 | SMA75下向き | Drop>15% | 前日終値超えなし,3,True,False,False,False,True,True,True,False,True,False,2026-08-18,2955.5,2026-09-11,2241.5,2026-10-08,2270.0,2372.5,30.2,23.19,1.27,2389.08,2653.23,2728.55,True,True,
7012.T,,30,False,,0,,SMA25<=SMA75,SMA25<=SMA75 | SMA75下向き | 前日終値超えなし,4,True,False,False,True,True,True,True,False,True,False,2026-08-27,2649.5,2026-09-11,2241.5,2026-10-08,2270.0,2372.5,16.72,14.32,1.27,2389.08,2653.23,2728.55,True,True,
7832.T,バンナムHD,60,False,,0,,Return<3%,Return<3% | 押し目安値+5%外,5,False,True,True,True,False,False,True,True,False,True,2026-09-01,5850.0,2026-09-10,5161.0,2026-10-08,5721.0,5639.0,2.25,2.21,10.85,5574.28,4892.87,4623.8,False,False,
7832.T,バンナムHD,30,False,,0,,Return<3%,Return<3% | 押し目安値+5%外,5,False,True,True,True,False,False,True,True,False,True,2026-09-01,5850.0,2026-09-10,5161.0,2026-10-08,5721.0,5639.0,2.25,2.21,10.85,5574.28,4892.87,4623.8,False,False,
7911.T,凸版印刷,60,False,,0,,SMA25<=SMA75,SMA25<=SMA75 | Drop>15% | 反発未確認かつ押し目安値+2%外 | 前日終値超えなし,4,True,False,True,False,True,True,True,False,False,False,2026-08-14,2814.5,2026-09-15,2292.0,2026-10-08,2360.5,2452.5,19.23,16.13,2.99,2430.58,2462.22,2429.86,False,True,
7911.T,凸版印刷,30,False,,0,,SMA25<=SMA75,SMA25<=SMA75 | 反発未確認かつ押し目安値+2%外 | 前日終値超えなし,5,True,False,True,True,True,True,True,False,False,False,2026-09-07,2634.0,2026-09-15,2292.0,2026-10-08,2360.5,2452.5,11.59,10.38,2.99,2430.58,2462.22,2429.86,False,True,
7912.T,大日本印刷,60,False,,0,,SMA25<=SMA75,SMA25<=SMA75 | 前日終値超えなし,5,True,False,True,True,True,True,True,False,True,False,2026-08-14,3364.0,2026-09-29,2894.0,2026-10-08,2930.5,2971.5,14.79,12.89,1.26,3011.06,3055.26,3008.23,True,True,
7912.T,大日本印刷,30,False,,0,,SMA25<=SMA75,SMA25<=SMA75 | 前日終値超えなし,5,True,False,True,True,True,True,True,False,True,False,2026-08-25,3172.0,2026-09-29,2894.0,2026-10-08,2930.5,2971.5,8.24,7.61,1.26,3011.06,3055.26,3008.23,True,True,
7951.T,ヤマハ,60,False,,0,,Drop>15%,Drop>15% | 押し目日が最新日 | 前日終値超えなし,4,True,True,True,False,True,True,False,False,True,False,2026-08-12,1432.0,2026-10-08,1173.5,2026-10-08,1188.5,1192.0,20.49,17.0,1.28,1252.02,1245.68,1230.79,True,True,
7951.T,ヤマハ,30,True,YELLOW,1,🟡押し目接近,,,5,True,True,True,True,True,True,False,False,True,False,2026-09-01,1355.0,2026-10-08,1173.5,2026-10-08,1188.5,1192.0,14.01,12.29,1.28,1252.02,1245.68,1230.79,True,True,
3289.T,,60,False,,0,,SMA25<=SMA75,SMA25<=SMA75 | SMA75下向き | Drop>15% | 押し目日が最新日 | 前日終値超えなし,2,True,False,False,False,True,True,False,False,True,False,2026-07-29,1402.0,2026-10-08,1167.5,2026-10-08,1181.5,1189.0,18.66,15.73,1.2,1267.6,1302.75,1315.63,True,True,
3289.T,,30,False,,0,,SMA25<=SMA75,SMA25<=SMA75 | SMA75下向き | 押し目日が最新日 | 前日終値超えなし,3,True,False,False,True,True,True,False,False,True,False,2026-08-25,1362.5,2026-10-08,1167.5,2026-10-08,1181.5,1189.0,15.32,13.28,1.2,1267.6,1302.75,1315.63,True,True,
8801.T,三井不,60,False,,0,,SMA25<=SMA75,SMA25<=SMA75 | SMA75下向き | 押し目日が最新日,4,True,False,False,True,True,True,False,True,True,False,2026-07-29,1633.0,2026-10-08,1403.0,2026-10-08,1425.0,1415.0,14.6,12.74,1.57,1480.54,1503.73,1513.13,True,True,
8801.T,三井不,30,False,,0,,SMA25<=SMA75,SMA25<=SMA75 | SMA75下向き | 押し目日が最新日,4,True,False,False,True,True,True,False,True,True,False,2026-09-01,1560.5,2026-10-08,1403.0,2026-10-08,1425.0,1415.0,9.51,8.68,1.57,1480.54,1503.73,1513.13,True,True,
8802.T,三菱地所,60,False,,0,,SMA25<=SMA75,SMA25<=SMA75 | SMA75下向き | Drop>15% | 押し目日が最新日 | 前日終値超えなし,2,True,False,False,False,True,True,False,False,True,False,2026-07-15,4283.0,2026-10-08,3418.0,2026-10-08,3442.0,3479.0,24.43,19.64,0.7,3615.04,3842.85,3918.31,True,True,
8802.T,三菱地所,30,False,,0,,SMA25<=SMA75,SMA25<=SMA75 | SMA75下向き | 押し目日が最新日 | 前日終値超えなし,3,True,False,False,True,True,True,False,False,True,False,2026-09-01,3860.0,2026-10-08,3418.0,2026-10-08,3442.0,3479.0,12.14,10.83,0.7,3615.04,3842.85,3918.31,True,True,
8804.T,東京建物,60,False,,0,,SMA25<=SMA75,SMA25<=SMA75 | SMA75下向き | 押し目日が最新日 | 前日終値超えなし,3,True,False,False,True,True,True,False,False,True,False,2026-07-28,3542.0,2026-10-08,3138.0,2026-10-08,3157.0,3193.0,12.2,10.87,0.61,3292.44,3349.48,3357.68,True,True,
8804.T,東京建物,30,False,,0,,SMA25<=SMA75,SMA25<=SMA75 | SMA75下向き | 押し目日が最新日 | 前日終値超えなし,3,True,False,False,True,True,True,False,False,True,False,2026-09-01,3481.0,2026-10-08,3138.0,2026-10-08,3157.0,3193.0,10.26,9.31,0.61,3292.44,3349.48,3357.68,True,True,
8830.T,住友不,60,False,,0,,SMA25<=SMA75,SMA25<=SMA75 | SMA75下向き | Drop>15% | 押し目日が最新日 | 前日終値超えなし,2,True,False,False,False,True,True,False,False,True,False,2026-07-16,3881.0,2026-10-08,3017.0,2026-10-08,3075.0,3086.0,26.21,20.77,1.92,3193.88,3461.87,3515.28,True,True,
8830.T,住友不,30,False,,0,,SMA25<=SMA75,SMA25<=SMA75 | SMA75下向き | 押し目日が最新日 | 前日終値超えなし,3,True,False,False,True,True,True,False,False,True,False,2026-08-26,3417.0,2026-10-08,3017.0,2026-10-08,3075.0,3086.0,11.12,10.01,1.92,3193.88,3461.87,3515.28,True,True,
9001.T,東武,60,False,,0,,SMA25<=SMA75,SMA25<=SMA75 | SMA75下向き | 押し目日が最新日,4,True,False,False,True,True,True,False,True,True,False,2026-07-29,3236.0,2026-10-08,2738.0,2026-10-08,2765.5,2764.5,17.01,14.54,1.0,2900.1,2948.73,2953.93,True,True,
9001.T,東武,30,False,,0,,SMA25<=SMA75,SMA25<=SMA75 | SMA75下向き | 押し目日が最新日,4,True,False,False,True,True,True,False,True,True,False,2026-08-25,3051.0,2026-10-08,2738.0,2026-10-08,2765.5,2764.5,10.32,9.36,1.0,2900.1,2948.73,2953.93,True,True,
9005.T,東急,60,False,,0,,SMA25<=SMA75,SMA25<=SMA75 | SMA75下向き | Drop>15% | 押し目日が最新日 | 前日終値超えなし,2,True,False,False,False,True,True,False,False,True,False,2026-07-29,1860.5,2026-10-08,1561.5,2026-10-08,1577.0,1585.0,17.98,15.24,0.99,1635.84,1674.99,1687.13,True,True,
9005.T,東急,30,False,,0,,SMA25<=SMA75,SMA25<=SMA75 | SMA75下向き | 押し目日が最新日 | 前日終値超えなし,3,True,False,False,True,True,True,False,False,True,False,2026-09-15,1707.5,2026-10-08,1561.5,2026-10-08,1577.0,1585.0,8.28,7.64,0.99,1635.84,1674.99,1687.13,True,True,
9007.T,小田急,60,True,GREEN,2,🟢反発確認,,,7,True,True,True,True,True,True,True,True,False,False,2026-07-29,1872.5,2026-08-05,1651.5,2026-10-08,1716.5,1709.5,9.09,8.33,3.94,1771.0,1735.25,1728.63,False,True,
9007.T,小田急,30,True,YELLOW,1,🟡押し目接近,,,6,True,True,True,True,True,True,False,True,True,False,2026-09-15,1855.0,2026-10-08,1691.0,2026-10-08,1716.5,1709.5,8.07,7.47,1.51,1771.0,1735.25,1728.63,True,True,
9008.T,京王,60,True,YELLOW,1,🟡押し目接近,,,5,True,True,True,True,True,True,False,False,True,False,2026-07-29,849.3,2026-10-08,736.5,2026-10-08,746.9,747.6,13.71,12.06,1.41,777.0,771.62,768.84,True,True,
9008.T,京王,30,True,YELLOW,1,🟡押し目接近,,,5,True,True,True,True,True,True,False,False,True,False,2026-09-14,818.7,2026-10-08,736.5,2026-10-08,746.9,747.6,9.61,8.77,1.41,777.0,771.62,768.84,True,True,
9009.T,京成,60,False,,0,,反発未確認かつ押し目安値+2%外,反発未確認かつ押し目安値+2%外 | 押し目日が最新日,6,True,True,True,True,True,True,False,True,False,False,2026-09-14,1426.5,2026-10-08,1263.5,2026-10-08,1299.5,1295.0,9.77,8.9,2.85,1352.46,1284.33,1252.49,False,True,
9009.T,京成,30,False,,0,,反発未確認かつ押し目安値+2%外,反発未確認かつ押し目安値+2%外 | 押し目日が最新日,6,True,True,True,True,True,True,False,True,False,False,2026-09-14,1426.5,2026-10-08,1263.5,2026-10-08,1299.5,1295.0,9.77,8.9,2.85,1352.46,1284.33,1252.49,False,True,
9020.T,JR東日本,60,False,,0,,SMA25<=SMA75,SMA25<=SMA75 | SMA75下向き | Drop>15%,4,True,False,False,False,True,True,True,True,False,False,2026-07-29,3966.0,2026-10-02,3279.0,2026-10-08,3350.0,3328.0,18.39,15.53,2.17,3454.32,3498.36,3504.93,False,True,
9020.T,JR東日本,30,False,,0,,SMA25<=SMA75,SMA25<=SMA75 | SMA75下向き,5,True,False,False,True,True,True,True,True,False,False,2026-08-25,3666.0,2026-10-02,3279.0,2026-10-08,3350.0,3328.0,9.43,8.62,2.17,3454.32,3498.36,3504.93,False,True,
9021.T,JR西日本,60,True,GREEN,2,🟢反発確認,,,7,True,True,True,True,True,True,True,True,False,False,2026-07-29,3236.0,2026-08-06,2782.5,2026-10-08,2868.0,2845.5,12.83,11.37,3.07,2977.84,2921.95,2877.47,False,True,
9021.T,JR西日本,30,True,YELLOW,1,🟡押し目接近,,,6,True,True,True,True,True,True,False,True,True,False,2026-09-15,3102.0,2026-10-08,2833.5,2026-10-08,2868.0,2845.5,8.16,7.54,1.22,2977.84,2921.95,2877.47,True,True,
9022.T,JR東海,60,False,,0,,Drop>15%,Drop>15% | 反発未確認かつ押し目安値+2%外 | 押し目日が最新日,5,True,True,True,False,True,True,False,True,False,False,2026-07-29,4291.0,2026-10-08,3542.0,2026-10-08,3632.0,3600.0,18.14,15.36,2.54,3776.44,3759.27,3721.33,False,True,
9022.T,JR東海,30,False,,0,,反発未確認かつ押し目安値+2%外,反発未確認かつ押し目安値+2%外 | 押し目日が最新日,6,True,True,True,True,True,True,False,True,False,False,2026-09-01,4043.0,2026-10-08,3542.0,2026-10-08,3632.0,3600.0,11.32,10.17,2.54,3776.44,3759.27,3721.33,False,True,
9064.T,ヤマトHD,60,False,,0,,押し目安値+5%外,押し目安値+5%外,6,False,True,True,True,True,False,True,True,False,True,2026-07-30,2194.5,2026-08-06,1840.0,2026-10-08,2024.0,1982.5,8.42,7.77,10.0,1978.34,1956.05,1928.35,False,False,
9064.T,ヤマトHD,30,False,,0,,Return<3%,Return<3%,6,False,True,True,True,False,True,True,True,False,True,2026-09-28,2048.0,2026-10-06,1932.5,2026-10-08,2024.0,1982.5,1.19,1.17,4.73,1978.34,1956.05,1928.35,False,True,
9147.T,NXHD,60,False,,0,,押し目安値+5%外,押し目安値+5%外,5,True,True,True,True,True,False,True,False,False,False,2026-09-01,5866.0,2026-09-11,5223.0,2026-10-08,5581.0,5590.0,5.11,4.86,6.85,5605.16,5468.44,5387.99,False,False,
9147.T,NXHD,30,False,,0,,押し目安値+5%外,押し目安値+5%外,5,True,True,True,True,True,False,True,False,False,False,2026-09-01,5866.0,2026-09-11,5223.0,2026-10-08,5581.0,5590.0,5.11,4.86,6.85,5605.16,5468.44,5387.99,False,False,
9101.T,日本郵船,60,True,GREEN,2,🟢反発確認,,,7,True,True,True,True,True,True,True,True,False,False,2026-09-17,7599.0,2026-10-06,6986.0,2026-10-08,7226.0,7092.0,5.16,4.91,3.44,7241.16,6368.99,6151.04,False,True,
9101.T,日本郵船,30,True,GREEN,2,🟢反発確認,,,7,True,True,True,True,True,True,True,True,False,False,2026-09-17,7599.0,2026-10-06,6986.0,2026-10-08,7226.0,7092.0,5.16,4.91,3.44,7241.16,6368.99,6151.04,False,True,
9104.T,商船三井,60,True,GREEN,2,🟢反発確認,,,7,False,True,True,True,True,True,True,True,False,True,2026-08-25,7509.0,2026-09-11,6821.0,2026-10-08,7118.0,7058.0,5.49,5.21,4.35,7097.2,6329.63,6141.35,False,True,
9104.T,商船三井,30,True,GREEN,2,🟢反発確認,,,7,False,True,True,True,True,True,True,True,False,True,2026-08-25,7509.0,2026-09-11,6821.0,2026-10-08,7118.0,7058.0,5.49,5.21,4.35,7097.2,6329.63,6141.35,False,True,
9107.T,川崎汽船,60,False,,0,,反発未確認かつ押し目安値+2%外,反発未確認かつ押し目安値+2%外 | 押し目日が最新日,6,True,True,True,True,True,True,False,True,False,False,2026-09-18,3610.0,2026-10-08,3200.0,2026-10-08,3279.0,3238.0,10.09,9.17,2.47,3364.72,2996.62,2907.71,False,True,
9107.T,川崎汽船,30,False,,0,,反発未確認かつ押し目安値+2%外,反発未確認かつ押し目安値+2%外 | 押し目日が最新日,6,True,True,True,True,True,True,False,True,False,False,2026-09-18,3610.0,2026-10-08,3200.0,2026-10-08,3279.0,3238.0,10.09,9.17,2.47,3364.72,2996.62,2907.71,False,True,
9201.T,JAL,60,True,YELLOW,1,🟡押し目接近,,,5,True,True,True,True,True,True,False,False,True,False,2026-09-25,3115.0,2026-10-08,2965.5,2026-10-08,3003.0,3009.0,3.73,3.6,1.26,3016.74,2977.17,2933.21,True,True,
9201.T,JAL,30,True,YELLOW,1,🟡押し目接近,,,5,True,True,True,True,True,True,False,False,True,False,2026-09-25,3115.0,2026-10-08,2965.5,2026-10-08,3003.0,3009.0,3.73,3.6,1.26,3016.74,2977.17,2933.21,True,True,
9202.T,ANAHD,60,False,,0,,SMA25<=SMA75,SMA25<=SMA75 | 押し目日が最新日 | 前日終値超えなし,4,True,False,True,True,True,True,False,False,True,False,2026-07-29,3221.0,2026-10-08,2877.0,2026-10-08,2907.0,2910.0,10.8,9.75,1.04,2970.82,3028.93,3020.41,True,True,
9202.T,ANAHD,30,False,,0,,SMA25<=SMA75,SMA25<=SMA75 | 押し目日が最新日 | 前日終値超えなし,4,True,False,True,True,True,True,False,False,True,False,2026-08-26,3087.0,2026-10-08,2877.0,2026-10-08,2907.0,2910.0,6.19,5.83,1.04,2970.82,3028.93,3020.41,True,True,
9301.T,三菱倉庫,60,False,,0,,SMA25<=SMA75,SMA25<=SMA75 | 押し目日が最新日,5,True,False,True,True,True,True,False,True,True,False,2026-07-27,1651.5,2026-10-08,1436.0,2026-10-08,1460.5,1451.5,13.08,11.57,1.71,1518.36,1536.15,1531.14,True,True,
9301.T,三菱倉庫,30,False,,0,,SMA25<=SMA75,SMA25<=SMA75 | 押し目日が最新日,5,True,False,True,True,True,True,False,True,True,False,2026-09-28,1589.5,2026-10-08,1436.0,2026-10-08,1460.5,1451.5,8.83,8.12,1.71,1518.36,1536.15,1531.14,True,True,
9501.T,東電HD,60,False,,0,,反発未確認かつ押し目安値+2%外,反発未確認かつ押し目安値+2%外 | 押し目日が最新日 | 前日終値超えなし,5,True,True,True,True,True,True,False,False,False,False,2026-09-07,584.1,2026-10-08,504.0,2026-10-08,514.6,516.9,13.51,11.9,2.1,540.04,516.65,515.96,False,True,
9501.T,東電HD,30,False,,0,,反発未確認かつ押し目安値+2%外,反発未確認かつ押し目安値+2%外 | 押し目日が最新日 | 前日終値超えなし,5,True,True,True,True,True,True,False,False,False,False,2026-09-07,584.1,2026-10-08,504.0,2026-10-08,514.6,516.9,13.51,11.9,2.1,540.04,516.65,515.96,False,True,
9502.T,中部電,60,False,,0,,SMA25<=SMA75,SMA25<=SMA75 | SMA75下向き | Drop>15% | 反発未確認かつ押し目安値+2%外 | 押し目日が最新日 | 前日終値超えなし,2,True,False,False,False,True,True,False,False,False,False,2026-07-10,3257.0,2026-10-08,2562.5,2026-10-08,2640.5,2676.0,23.35,18.93,3.04,2850.2,2901.65,2914.17,False,True,
9502.T,中部電,30,False,,0,,SMA25<=SMA75,SMA25<=SMA75 | SMA75下向き | Drop>15% | 反発未確認かつ押し目安値+2%外 | 押し目日が最新日 | 前日終値超えなし,2,True,False,False,False,True,True,False,False,False,False,2026-09-10,3112.0,2026-10-08,2562.5,2026-10-08,2640.5,2676.0,17.86,15.15,3.04,2850.2,2901.65,2914.17,False,True,
9503.T,関西電,60,False,,0,,反発未確認かつ押し目安値+2%外,反発未確認かつ押し目安値+2%外 | 前日終値超えなし,6,True,True,True,True,True,True,True,False,False,False,2026-09-03,3053.0,2026-10-06,2562.0,2026-10-08,2644.5,2655.5,15.45,13.38,3.22,2835.02,2537.55,2491.42,False,True,
9503.T,関西電,30,False,,0,,反発未確認かつ押し目安値+2%外,反発未確認かつ押し目安値+2%外 | 前日終値超えなし,6,True,True,True,True,True,True,True,False,False,False,2026-09-03,3053.0,2026-10-06,2562.0,2026-10-08,2644.5,2655.5,15.45,13.38,3.22,2835.02,2537.55,2491.42,False,True,
9531.T,東ガス,60,False,,0,,SMA75下向き,SMA75下向き | 押し目日が最新日 | 前日終値超えなし,4,True,True,False,True,True,True,False,False,True,False,2026-09-17,6515.0,2026-10-08,5791.0,2026-10-08,5899.0,6040.0,10.44,9.46,1.86,6211.04,6132.25,6153.99,True,True,
9531.T,東ガス,30,False,,0,,SMA75下向き,SMA75下向き | 押し目日が最新日 | 前日終値超えなし,4,True,True,False,True,True,True,False,False,True,False,2026-09-17,6515.0,2026-10-08,5791.0,2026-10-08,5899.0,6040.0,10.44,9.46,1.86,6211.04,6132.25,6153.99,True,True,
9532.T,大阪ガス,60,True,YELLOW,1,🟡押し目接近,,,5,True,True,True,True,True,True,False,False,True,False,2026-09-16,6259.0,2026-10-08,5443.0,2026-10-08,5521.0,5663.0,13.37,11.79,1.43,5856.72,5593.03,5566.61,True,True,
9532.T,大阪ガス,30,True,YELLOW,1,🟡押し目接近,,,5,True,True,True,True,True,True,False,False,True,False,2026-09-16,6259.0,2026-10-08,5443.0,2026-10-08,5521.0,5663.0,13.37,11.79,1.43,5856.72,5593.03,5566.61,True,True,
